name,symbol,contract_address,decimal
Binance-Peg Ethereum Token,ETH,0x2170ed0880ac9a755fd29b2688956bd959f933f8,18
Binance-Peg BSC-USD,BSC-USD,0x55d398326f99059ff775485246999027b3197955,18
Wrapped BNB,WBNB,0xbb4CdB9CBd36B01bD1cBaEBF2De08d9173bc095c,18
Binance-Peg XRP Token,XRP,0x1d2f0da169ceb9fc7b3144628db156f3f6c60dbe,18
Binance-Peg USD Coin,USDC,0x8ac76a51cc950d9822d68b83fe1ad97b32cd580d,18
USDC,anyUSDC,0x8965349fb649a33a30cbfda057d8ec2c48abe2a2,18
Binance-Peg Cardano Token,ADA,0x3ee2200efb3400fabb9aacf31297cbdd1d435d47,18
Binance-Peg Dogecoin Token,DOGE,0xba2ae424d960c26247dd6c32edc70b295c744c43,8
TRON,TRX,0xce7de646e7208a4ef112cb6ed5038fa6cc6b12e3,6
Binance-Peg Polkadot Token,DOT,0x7083609fce4d1d8dc0c979aab8c869ea2c873402,18
Matic Token,MATIC,0xcc42724c6683b7e57334c4e856f4c9965ed682bd,18
Binance-Peg Dai Token,DAI,0x1af3f329e8be154074d8769d1ffa4ee058b1dbc3,18
Binance-Peg SHIBA INU Token,SHIB,0x2859e4544c4bb03966803b044a93563bd2d0dd4d,18
Binance-Peg Litecoin Token,LTC,0x4338665cbb7b2485a8855a139b75d5e34ab0db94,18
Wrapped TON Coin,TONCOIN,0x76A797A59Ba2C17726896976B7B3747BfD1d220f,9
Binance-Peg Avalanche Token,AVAX,0x1ce0c2827e2ef14d5c4f29a091d735a204794041,18
Binance-Peg Bitcoin Cash Token,BCH,0x8ff795a6f4d97e7887c79bea79aba5cc76444adf,18
Stellar,XLM,0x43c934a845205f0b514417d757d7235b8f53f1b9,18
Binance-Peg ChainLink Token,LINK,0xf8a0bf9cf54bb92f17374d9e9a321e6a111a51bd,18
Binance-Peg BUSD Token,BUSD,0xe9e7cea3dedca5984780bafc599bd69add087d56,18
Binance-Peg Uniswap,UNI,0xbf5140a22578168fd562dccf235e5d43a02ce9b1,18
TrueUSD,TUSD,0x40af3827F39D0EAcBF4A168f8D4ee67c121D11c9,18
Binance-Peg Cosmos Token,ATOM,0x0eb3a705fc54725037cc9e008bdede697f62f335,18
Binance-Peg BitTorrent Token,BTT,0x8595f9da7b868b1822194faed312235e43007b49,18
Binance-Peg Ethereum Classic,ETC,0x3d6545b08693dae087e957cb1180ee38b9e3c25e,18
Binance-Peg BTCB Token,BTCB,0x7130d2a12b9bcbfae4f2634d864a1ee1ce3ead9c,18
VeChain,VET,0x6fdcdfef7c496407ccb0cec90f9c5aaa1cc8d888,18
Binance-Peg NEAR Protocol,NEAR,0x1fa4a73a3f0133f0025378af00236f3abdee5d63,18
Binance-Peg Maker,MKR,0x5f0da599bb2cccfcf6fdfd7d81743b6020864350,18
Binance-Peg Elrond Token,EGLD,0xbf7c81fff98bbe61b40ed186e4afd6ddd01337fe,18
Binance-Peg Paxos Standard,PAX,0xb7f8cd00c5a06c0537e2abff0b58033d02e5e094,18
Frax,FRAX,0x29ced01c447166958605519f10dcf8b0255fb379,18
Frax,FRAX,0x90c97f71e18723b0cf0dfa30ee176ab653e89f40,18
Decentralized USD,USDD,0xd17479997F34dd9156Deef8F95A52D81D265be9c,18
Binance-Peg Synthetix Network Token,SNX,0x9ac983826058b8a9c7aa1c9171441191232e8404,18
Binance-Peg Tezos Token,XTZ,0x16939ef78684453bfdfb47825f8a5f714f12623a,18
Binance-Peg Axie Infinity Shard Token,AXS,0x715d400f88c167884bbcc41c5fea407ed4d2f8a0,18
Binance-Peg EOS Token,EOS,0x56b6fb708fc5732dec1afc8d8556423a2edccbd6,18
Fantom,FTM,0xad29abb318791d579433d831ed122afeaf29dcfe,18
Decentraland,MANA,0x26433c8127d9b4e9b71eaa15111df99ea2eeb2f8,18
Binance-Peg Pax Dollar Token,USDP,0xb3c11196a4f3b1da7c23d9fb0a3dde9c6340934f,18
Binance-Peg FLOW Token,FLOW,0xc943c5320b9c18c153d1e2d12cc3074bebfb31a2,18
Binance-Peg eCash Token,XEC,0x0ef2e7602add1733bfdb17ac3094d0421b502ca3,18
Binance-Peg PAX Gold,PAXG,0x7950865a9140cb519342433146ed5b40c6f210f7,18
Frax Share,FXS,0xe48a3d7d0bc88d552f730b62c006bc925eadb9ee,18
Frax Ether,frxETH,0x64048a7eecf3a2f1ba9e144aac3d7db6e58f555e,18
BSC Conflux,bCFX,0x045c4324039dA91c52C55DF5D785385Aab073DcF,18
MIOTAC,IOTA,0xd944f1d1e9d5f9bb90b62f9d45e447d989580782,6
Binance-Peg Zcash Token,ZEC,0x1ba42e5193dfa8b03d15dd1b86a3113bbbef8eeb,18
BitTorrent,BTT,0x352Cb5E19b12FC216548a2677bD0fce83BaE434B,18
Trust Wallet,TWT,0x4b0f1812e5df2a09796481ff14017e6005508003,18
Binance-Peg APENFT Token,NFT,0x1fc9004ec7e5722891f5f38bae7678efcb11d34d,6
APENFT,NFT,0x20ee7b720f4e4c4ffcb00c4065cdae55271aecca,6
Wootrade Network,WOO,0x4691937a7508860f876c9c0a2a617e7d9e945d4b,18
Staked Frax Ether,sfrxETH,0x3cd55356433c89e50dc51ab07ee0fa0a95623d53,18
ARB,Arbitrum,0xa050ffb3eeb8200eeb7f61ce34ff644420fd3522,18
Optimism,OP,0x170C84E3b1D282f9628229836086716141995200,18
Binance-Peg Compound Coin,COMP,0x52ce071bd9b1c4b00a0b92d298c512478cad67e8,18
Zilliqa,ZIL,0xb86abcb37c3a4b64f74f59301aff131a1becc787,12
Binance-Peg Basic Attention Token,BAT,0x101d82428437127bf1608f699cd651e6abf9766e,18
1INCH Token,1INCH,0x111111111117dc0aa78b770fa6a738034120c302,18
Illuvium,ILV,0x4d5ac5cc4f8abdf2ec2cb986c00c382369f787d4,18
SafePal Token,SFP,0xd41fdb03ba84762dd66a0af1a6c8540ff1ba5dfb,18
Loopring,LRC,0x66e4d38b20173f509a1ff5d82866949e4fe898da,18
Ankr,ANKR,0xf307910a4c7bbc79691fd374889b36d8531b08e3,18
Binance-Peg yearn.finance,YFI,0x88f1a5ae2a3bf98aeaf342d26b30a79438c9142e,18
FLOKI,FLOKI,0xfb5b838b6cfeedc2873ab27866079ac55363d37e,9
JUST,JST,0xea998d307aca04d4f0a3b3036aba84ae2e409c0a,18
Green Metaverse Token,GMT,0x3019bf2a2ef8040c242c9a4c5c4bd4c81678b2a1,8
Kusama,KSM,0x2aa69e8d25c045b659787bc1f03ce47a388db6e8,18
Venus BTC,vBTC,0x882c173bc7ff3b7786ca16dfed3dfffb9ee7847b,8
DFI (DefiChain),DFI,0x361c60b7c2828fcab80988d00d1d542c83387b50,18
Binance-Peg ELF Token,ELF,0xa3f020a5c92e15be13caf0ee5c95cf79585eecc9,18
Baby Doge Coin,BabyDoge,0xc748673057861a797275CD8A068AbB95A902e8de,9
Fetch,FET,0x031b41e504677879370e9dbcf937283a8691fa7f,18
Merit Circle,MC,0x949d48eca67b17269629c7194f4b727d4ef9e5d6,18
Balancer,BAL,0xd4ed60d8368a92b5f1ca33af61ef2a94714b2d46,18
Swipe,SXP,0x47bead2563dcbf3bf2c9407fea4dc236faba485a,18
Ethereum PoW,ETHW,0x302cd8973be5ca2334b4ff7e7b01ba41455559b3,18
DAO Maker,DAO,0x4d2d32d8652058bf98c772953e1df5c5c85d9f45,18
DAO Maker,DAO,0x812764fa37a4fd731a5d39f0e519b6b8d61e82a0,18
Moonbeam,GLMR,0x76f3ce6af26de7a9854dbd153acd8f46a2cf5133,18
Binance-Peg Ontology Token,ONT,0xfd7b3a77848f1c2d67e05e54d78d174a0c850335,18
Binance-Peg IoTeX Network,IOTX,0x9678e42cebeb63f23197d726b29b1cb20d0064e5,18
Binance-Peg Band Protocol Token,BAND,0xad6caeb32cd2c308980a548bd0bc5aa4306c6c18,18
Axelar,AXL,0x8b1f4432f943c465a973fedc6d7aa50fc96f1f65,6
Ocean Protocol,OCEAN,0xdce07662ca8ebc241316a15b611c89711414dd1a,18
Wrapped USTC Token,USTC,0x23396cf899ca06c4472205fc903bdb4de249d6fc,18
StargateToken,STG,0xB0D502E938ed5f4df2E681fE6E419ff29631d62b,18
Venus USDC,vUSDC,0xeca88125a5adbe82614ffc12d0db554e2e2867c8,8
Binance-Peg Kyber Network Crystal Token,KNC,0xfe56d5892bdffc7bf58f2e84be1b2c32d21c308b,18
QANX Token,QANX,0xaaa9214f675316182eaa21c85f0ca99160cc3aaa,18
Binance-Peg Cartesi Token,CTSI,0x8da443f84fea710266c8eb6bc34b71702d033ef2,18
Prometeus,PROM,0xaf53d56ff99f1322515e54fdde93ff8b3b7dafd5,18
JoeToken,JOE,0x371c7ec6d8039ff7933a2aa28eb827ffe1f52f07,18
Bitrise Token,BRISE,0x8FFf93E810a2eDaaFc326eDEE51071DA9d398E83,9
DeXe,DEXE,0x039cb485212f996a9dbb85a9a75d898f94d38da6,18
SafeMoon,SFM,0x42981d0bfbAf196529376EE702F2a9Eb9092fcB5,9
Nerve,NRV,0x42F6f551ae042cBe50C739158b4f0CAC0Edb9096,18
Coin98,C98,0xaec945e04baf28b135fa7c640f624f8d90f1c3a6,18
Radiant,RDNT,0xf7DE7E8A6bd59ED41a4b5fe50278b3B7f31384dF,18
Alchemy,ACH,0xBc7d6B50616989655AfD682fb42743507003056D,8
Dogelon Mars,ELON,0x7bd6fabd64813c48545c9c0e312a0099d9be2540,18
inSure,SURE,0x9b17baadf0f21f03e35249e0e59723f34994f806,18
Orbs,ORBS,0xebd49b26169e1b52c04cfd19fcf289405df55f80,18
Binance Wrapped MVL,bMVL,0x5f588efaf8eb57e3837486e834fc5a4e07768d98,18
Binance-Peg Celer Token,CELR,0x1f9f6a696c6fd109cd3956f45dc709d2b3902163,18
AlphaToken,ALPHA,0xa1faa113cbe53436df28ff0aee54275c13b40975,18
Marlin POND,POND,0xa1428370f540b4c4e319224165ecae513a391f77,18
Synapse,SYN,0xa4080f1778e69467e905b8d6f72f6e441f9e9484,18
XCAD Token,XCAD,0xa026Ad2ceDa16Ca5FC28fd3C72f99e2C332c8a26,18
Linear Token,LINA,0x762539b45a1dcce3d36d080f74d1aed37844b878,18
DODO bird,DODO,0x67ee3cb086f8a16f34bee3ca72fad36f7db929e2,18
Secret,SCRT,0x02dd18e4981da3fc7363fe56f3b81d1860b44ea7,18
CertiK Token,CTK,0xa8c2b8eec3d368c0253ad3dae65a5f2bbb89c929,6
Binance-Peg Smooth Love Potion,SLP,0x070a08beef8d36734dd67a491202ff35a6a16d97,18
Venus BUSD,vBUSD,0x95c78222b3d6e262426483d42cfa53685a67ab9d,8
Binance-Peg Bancor Network Token,BNT,0xa069008a669e2af00a86673d9d584cfb524a42cc,18
ALICE,ALICE,0xac51066d7bec65dc4589368da368b212745d63e8,6
Venus,XVS,0xcf6bb5389c92bdda8a3747ddb454cb7a64626c63,18
SPACE ID,ID,0x2dfF88A56767223A5529eA5960Da7A3F5f766406,18
VAI Stablecoin,VAI,0x4bd17003473389a42daf6a0a729f6fdb328bbbd7,18
MDX Token,MDX,0x9c65ab58d8d978db963e63f2bfb7121627e3a739,18
Mobox,MBOX,0x3203c9e46ca618c8c1ce5dc67e7e9d75f5da2377,18
Beta Token,BETA,0xbe1a001fe942f96eea22ba08783140b9dcc09d28,18
Binance-Peg Phala Network Token,PHA,0x0112e557d400474717056c4e6d40edd846f38351,18
Koda Cryptocurrency,KODA,0x8094e772fa4a60bdeb1dfec56ab040e17dd608d5,9
Binance-Peg wazirx token,WRX,0x8e17ed70334c87ece574c9d537bc153d8609e2a3,8
Binance-Peg COTI Token,COTI,0xadbaf88b39d37dc68775ed1541f1bf83a5a45feb,18
NEST,NEST,0xcd6926193308d3b371fdd6a6219067e550000000,18
MovieBloc,MBL,0x18e37f96628db3037d633fe4d469fb1933a63c5b,18
DEXTools,DEXT,0xe91a8d2c584ca93c7405f15c22cdfe53c29896e3,18
GoMining Token,GMT,0x7ddc52c4de30e94be3a6a0a2b259b2850f421989,18
Yield Guild Games Token,YGG,0x13ab6739368a4e4abf24695bf52959224367391f,18
Bluzelle Token,BLZ,0x935a544bf5816e3a7c13db2efe3009ffda0acda2,18
Origin,OGN,0x9c1962e0ac2a370ab4c4f4eecba6483d8764c4b2,18
Hook Token,HOOK,0xa260e12d2b924cb899ae80bb58123ac3fee1e2f0,18
Sologenic,SOLO,0xc2c28b58db223DA89b567A0A98197Fc17C115148,15
10Set Token,10SET,0x1ae369a6ab222aff166325b7b87eb9af06c86e57,18
Alien Worlds Trilium,TLM,0x2222227e22102fe3322098e4cbfe18cfebd57c95,4
CEEK,CEEK,0xe0f94ac5462997d2bc57287ac3a3ae4c31345d66,18
Wrapped MTRG on BSC by Meter.io,MTRG,0xbd2949f67dcdc549c6ebe98696449fa79d988a9f,18
BNB48 Club Token,KOGE,0xe6df05ce8c8301223373cf5b969afcb1498c5528,18
Binance-Peg IDEX Token,IDEX,0x0856978f7ffff0a2471b4520e3521c4b3343e36f,18
BNBPay,BPAY,0xebc76079da0c245fae7225b58a57a54809b40618,9
Refinable,FINE,0x4e6415a5727ea08aae4580057187923aec331227,18
Radio Caca V2,RACA,0x12bb890508c125661e03b09ec06e404bc9289040,18
Bella Protocol,BEL,0x8443f091997f06a61670b735ed92734f5628692f,18
Venus USDT,vUSDT,0xfd5840cd36d94d7229439859c0112a4185bc0255,8
SeedifyFund,SFUND,0x477bc8d23c634c154061869478bce96be6045d12,18
Singularity Dao,SDAO,0x90ed8f1dc86388f14b64ba8fb4bbd23099f18240,18
Travala.com Token,AVA,0x13616f44ba82d63c8c0dc3ff843d36a8ec1c05a9,18
Reef.finance,REEF,0xf21768ccbc73ea5b6fd3c687208a7c2def2d966e,18
LooksRare,LOOKS,0x590d11c0696b0023176f5d7587d6b2f502a08047,18
Frax Price Index Share,FPIS,0xd1738eb733a636d1b8665f48bc8a24da889c2562,18
pTokens TLOS,TLOS,0xb6c53431608e626ac81a9776ac3e999c5556717c,18
HELLO,HELLO,0x0f1cbed8efa0e012adbccb1638d0ab0147d5ac00,18
Automata,ATA,0xa2120b9e674d3fc3875f415a7df52e382f141225,18
Altura,ALU,0x8263cd1601fe73c066bf49cc09841f35348e3be0,18
BakeryToken,BAKE,0xE02dF9e3e622DeBdD69fb838bB799E3F168902c5,18
Binance-Peg Komodo Token,KMD,0x2003f7ba57ea956b05b85c60b4b2ceea9b111256,18
Bolide,BLID,0x766AFcf83Fd5eaf884B3d529b432CA27A6d84617,18
Litentry,LIT,0xb59490ab09a0f526cc7305822ac65f2ab12f9723,18
Mai Stablecoin,MAI,0x3F56e0c36d275367b8C502090EDF38289b3dEa0d,18
Measurable Data Token,MDT,0x668db7aa38eac6b40c9d13dbe61361dc4c4611d1,18
PolkastarterToken,POLS,0x7e624fa0e1c4abfd309cc15719b7e2580887f570,18
USD+,USD+,0xe80772eaf6e2e18b651f160bc9158b2a5cafca65,6
beefy.finance,BIFI,0xCa3F508B8e4Dd382eE878A314789373D80A5190A,18
DIAToken,DIA,0x99956d38059cf7beda96ec91aa7bb2477e0901dd,18
Biswap,BSW,0x965f527d9159dce6288a2219db51fc6eef120dd1,18
Unidef,U,0x89dB9B433FeC1307d3dc8908f2813e9f7a1d38F0,18
Poollotto.finance,PLT,0x631c2f0edabac799f07550aee4ff0bf7fd35212b,18
LTO Network,LTO,0x857b222fc79e1cbbf8ca5f78cb133d1b7cf34bbd,18
Cream,CREAM,0xd4cb328a82bdf5f03eb737f37fa6b370aef3e888,18
StrikeX,STRX,0xd6fdde76b8c1c45b33790cc8751d5b88984c44ec,18
Venus ETH,vETH,0xf508fcd89b8bd15579dc79a6827cb4686a3592c8,8
AMPL secured by Meter Passport,AMPL,0xdb021b1b247fe2f1fa57e0a87c748cc1e321f07f,9
Onyxcoin,XCN,0x7324c7c0d95cebc73eea7e85cbaac0dbdf88a05b,18
AlpacaToken,ALPACA,0x8f0528ce5ef7b51152a59745befdd91d97091d2f,18
NuNet Utility Token,NTX,0x5c4bcc4dbaeabc7659f6435bce4e659314ebad87,6
Metahero,HERO,0xd40bedb44c081d2935eeba6ef5a3c8a31a1bbe13,18
Velas,VLX,0xe9c803f48dffe50180bd5b01dc04da939e3445fc,18
KardiaChain Token,KAI,0x39ae8eefb05138f418bb27659c21632dc1ddab10,18
SAITO,SAITO,0x3c6dad0475d3a1696b359dc04c99fd401be134da,18
Everdome,DOME,0x475bfaa1848591ae0e6ab69600f48d828f61a80e,18
Contentos,COS,0x96dd399f9c3afda1f194182f71600f1b65946501,18
Clover,CLV,0x09e889bb4d5b474f561db0491c38702f367a4e4d,18
RAMP DEFI,RAMP,0x8519ea49c997f50ceffa444d240fb655e89248aa,18
EverGrow Coin,EGC,0xC001BBe2B87079294C63EcE98BdD0a88D761434e,9
ParaSwap,PSP,0xcafe001067cdef266afb7eb5a286dcfd277f3de5,18
AdEx Network,ADX,0x6bff4fb161347ad7de4a625ae5aa3a1ca7077819,18
Binance-Peg YFII.finance Token,YFII,0x7f70642d88cf1c4a3a7abb072b53b929b653eda5,18
DeRace Token,DERC,0x373e768f79c820aa441540d254dca6d045c6d25b,18
Tokocrypto Token,TKO,0x9f589e3eabe42ebc94a44727b3f3531c0c877809,18
PLAY,PLAY,0xD069599E718f963bD84502b49ba8F8657fAF5B3a,18
TOR,TOR,0x1d6Cbdc6b29C6afBae65444a1f65bA9252b8CA83,18
RFOX,RFOX,0x0a3a21356793b49154fd3bbe91cbc2a16c0457f5,18
decentral.games on xDai from xDai,$DG,0x9fdc3ae5c814b79dca2556564047c5e7e5449c19,18
Gamium,GMM,0x5b6bf0c7f989de824677cfbd507d9635965e9cd3,18
BIDR BEP20,BIDR,0x9a2f5556e9a637e8fbce886d8e3cf8b316a1d8a2,18
Binance-Peg dForce Token,DF,0x4a9a2b2b04549c3927dd2c9668a5ef3fca473623,18
dForce Token,iDF,0xec3fd540a2dee6f479be539d64da593a59e12d08,18
TOKPIE,TKP,0x7849ed1447250d0b896f89b58f3075b127ca29b3,18
Chess,CHESS,0x20de22029ab63cf9a7cf5feb2b737ca1ee4c82a6,18
Proton,XPR,0x5de3939b2f811a61d830e6f52d13b066881412ab,4
Burger Swap,BURGER,0xae9269f27437f0fcbc232d39ec814844a51d6b8f,18
FARM Reward Token,FARM,0x4b5c23cac08a567ecf0c1ffca8372a45a5d33743,18
Parsiq Token,PRQ,0xd21d29b38374528675c34936bf7d5dd693d2a577,18
FC Santos Fan Token,SANTOS,0xa64455a4553c9034236734faddaddbb64ace4cc7,8
Binance-Peg MANTRA DAO Token,OM,0xf78d2e7936f5fe18308a3b2951a93b6c4a41f5e2,18
The Force Token,FOR,0x658a109c5900bc6d2357c87549b651670e5b0539,18
Ellipsis,EPS,0xa7f552078dcc247c2684336020c03648500c6d9f,18
bZx Protocol Token,BZRX,0x4b87642aedf10b642be4663db842ecc5a88bf5ba,18
Frontier Token,FRONT,0x928e55dab735aa8260af3cedada18b5f70c72f1b,18
UniLend Finance Token,UFT,0x2645d5f59d952ef2317c8e0aaa5a61c392ccd44d,18
Hacken Token,HAI,0xaa9e582e5751d703f85912903bacaddfed26484c,8
GamiWorld.io,GAMI,0x1236a887ef31B4d32E1F0a2b5e4531F52CeC7E75,6
Binance-Peg TornadoCash Token,TORN,0x1ba8d3c4c219b124d351f603060663bd1bcd9bbf,18
MATH Token,MATH,0xf218184af829cf2b0019f8e6f0b2423498a36983,18
NUM Token [via ChainPort.io],NUM,0xeceb87cf00dcbf2d4e2880223743ff087a995ad9,18
AIOZ Network,AIOZ,0x33d08d8c7a168333a85285a68c0042b39fc3741d,18
OVR,OVR,0x7e35d0e9180bf3a1fc47b0d110be7a21a10b41fe,18
Steam Exchange,SteamX,0xc0924edefb2c0c303de2d0c21bff07ab763163b5,9
IceToken,ICE,0xf16e81dce15b08f326220742020379b855b87df9,18
Fuse Token on BSC,FUSE,0x5857c96dae9cf8511b08cb07f85753c472d36ea3,18
AREON,AREA,0x3cb26f04223e948b8d810a7bd170620afbd42e67,18
Newscrypto,NWC,0x968f6f898a6df937fc1859b323ac2f14643e3fed,18
Yoshi.exchange,YOSHI,0x4374F26F0148a6331905eDf4cD33B89d8Eed78d1,18
Phantasma Stake,SOUL,0x298Eff8af1ecEbbB2c034eaA3b9a5d0Cc56c59CD,8
Liquid Staking BNB,BNBx,0x1bdd3Cf7F79cfB8EdbB955f20ad99211551BA275,18
SwftCoin,SWFTC,0xe64e30276c2f826febd3784958d6da7b55dfbad3,18
Impossible Decentralized Incubator Access Token,IDIA,0x0b15ddf19d47e6a86a56148fb4afffc6929bcb89,18
TABOO TOKEN,TABOO,0x9abdba20edfba06b782126b4d8d72a5853918fd0,9
Meta Apes Peel,PEEL,0x734548a9e43d2D564600b1B2ed5bE9C2b911c6aB,18
UniCrypt on xDai on BSC,UNCX,0x09a6c44c3947b69e2b45f4d51b67e6a39acfb506,18
SquidGrow,SquidGrow,0x88479186BAC914E4313389a64881F5ed0153C765,19
Kalmar Token,KALM,0x4ba0057f784858a48fe351445c672ff2a3d43515,18
Splintershards,SPS,0x1633b7157e7638c4d6593436111bf125ee74703f,18
Ethereum Meta,ETHM,0xbb38f4b6e289aa900505c92bd9743bd4d3c8d2de,18
pStake Finance,PSTAKE,0x4C882ec256823eE773B25b414d36F92ef58a7c0C,18
ChainGPT,CGPT,0x9840652DC04fb9db2C43853633f0F62BE6f00f98,18
MarsDAO,MDAO,0x60322971a672b81bcce5947706d22c19daecf6fb,18
Scallop,SCLP,0xF2c96E402c9199682d5dED26D3771c6B192c01af,18
Gulf Coin,GULF,0x014a087b646Bd90E7DCEad3993F49EB1F4B5f30a,18
DEUS,DEUS,0xde5ed76e7c05ec5e4572cfc88d1acea165109e44,18
renBTC,renBTC,0xfce146bf3146100cfe5db4129cf6c82b0ef4ad8c,8
Imported GBYTE,GBYTE,0xeb34de0c4b2955ce0ff1526cdf735c9e6d249d09,18
LUCRO,LCR,0x988F7c894e4001EEB7B570CDE80dffE21CF7B6B9,9
Rupiah Token,IDRT,0x66207E39bb77e6B99aaB56795C7c340C08520d83,2
Vita Inu,VINU,0xfebe8c1ed424dbf688551d4e2267e7a53698f0aa,18
Symbiosis,SIS,0xf98b660adf2ed7d9d9d9daacc2fb0cace4f21835,18
Venus LTC,vLTC,0x57a5297f2cb2c0aac9d554660acd6d385ab50c6b,8
Seedify NFT Space,SNFTS,0x6f51a1674befdd77f7ab1246b83adb9f13613762,18
Hector,HEC,0x638EEBe886B0e9e7C6929E69490064a6C94d204d,9
pNetwork Token,PNT,0xdaacb0ab6fb34d24e8a67bfa14bf4d95d4c7af92,18
Prosper,PROS,0xed8c8aa8299c10f067496bb66f8cc7fb338a3405,18
Wrapped Banano,wBAN,0xe20b9e246db5a0d21bf9209e4858bc9a3ff7a034,18
EverRise,RISE,0xC17c30e98541188614dF99239cABD40280810cA3,18
MMPRO Token,MMPRO,0x6067490d05f3cf2fdffc0e353b1f5fd6e5ccdf70,18
Kunci Coin,KUNCI,0x6cf271270662be1c4fc1b7bb7d7d7fc60cc19125,6
Aura,AURA,0x23c5D1164662758b3799103Effe19cC064d897D6,6
Venus DAI,vDAI,0x334b3ecb4dca3593bccc3c7ebd1a1c1d1780fbf1,8
FreewayToken,FWT,0x90a1E4BBADE88366dC44436535f1571d95e666c7,18
MagicCraft,MCRT,0x4b8285ab433d8f69cb48d5ad62b415ed1a221e4f,9
BattleInfinity,IBAT,0x19cd9B8e42d4EF62c3EA124110D5Cfd283CEaC43,9
ApeSwapFinance Banana,BANANA,0x603c7f932ed1fc6575303d8fb018fdcbb0f39a95,18
Wrapped BYTZ,WBYTZ,0x586fc153cf7e9c029d8c30842c4cb6a86f03b816,8
Decubate Token,DCB,0xeac9873291ddaca754ea5642114151f3035c67a2,18
BlockBank,BBANK,0xf4b5470523ccd314c6b9da041076e7d79e0df267,18
Aurox Token,URUS,0xc6DdDB5bc6E61e0841C54f3e723Ae1f3A807260b,18
Ferrum Network Token,FRM,0xA719b8aB7EA7AF0DDb4358719a34631bb79d15Dc,18
BSC Wrapped Jupiter,bwJUP,0x0231f91e02DebD20345Ae8AB7D71A41f8E140cE7,18
Blockasset,BLOCK,0xbc7a566b85ef73f935e640a06b5a8b031cd975df,6
SOPH AI Token,SOPH,0x73fbd93bfda83b111ddc092aa3a4ca77fd30d380,18
Defactor,FACTR,0xdefac16715671b7b6aeefe012125f1e19ee4b7d7,18
Carbon,CSIX,0x04756126f044634c9a0f0e985e60c88a51acc206,18
fry.world,FRIES,0x393b312c01048b3ed2720bf1b090084c09e408a1,18
MultiVAC,MTV,0x8aa688ab789d1848d131c65d98ceaa8875d97ef1,18
Venus LINK,vLINK,0x650b940a1033b8a1b1873f78730fcfc73ec11f1f,8
hoge.finance,HOGE,0xa4fffc757e8c4f24e7b209c033c123d20983ad40,9
DAFI Token,DAFI,0x22439be3aebc1590b05e3243780ed4156b629604,18
Exeedme,XED,0x5621b5a3f4a8008c4ccdd1b942b121c8b1944f1f,18
Jarvis Reward Token (Wormhole),JRT,0x414f9e74ba3a9d0acce65182809492f41ac671e0,18
Renewable Energy Token,RET,0x10b9dd394467f2cfbc769e07e88dc7e2c41b0965,9
Cerby Token,CERBY,0xdef1fac7bf08f173d286bbbdcbeeade695129840,18
StableX Token,STAX,0x0da6ed8b13214ff28e9ca979dd37439e8a88f6c4,18
UnoRe,UNO,0x474021845C4643113458ea4414bdb7fB74A01A77,18
Onino,ONI,0xea89199344a492853502a7a699cc4230854451b8,18
Ethos Reserve Note,ERN,0xce1e3cc1950d2aaeb47de04de2dec2dc86380e0a,18
JumpToken,JMPT,0x88d7e9b65dc24cf54f5edef929225fc3e1580c25,18
PAID Network,PAID,0xad86d0e9764ba90ddd68747d64bffbd79879a238,18
IGU Token,IGU,0x201bc9f242f74c47bbd898a5dc99cdcd81a21943,18
Venus SXP,vSXP,0x2ff3d0f6990a40261c66e1ff2017acbc282eb6d0,8
ZMINE Token,ZMN,0xfcb8a4b1a0b645e08064e05b98e9cc6f48d2aa57,18
OMAX TOKEN,OMAX,0xeB84be66c8E71f07eA57Cf3b21626d7784F32A7F,18
THENA,THE,0xf4c8e32eadec4bfe97e0f595add0f4450a863a11,18
LABEL,LBL,0x77edfae59a7948d66e9911a30cc787d2172343d4,18
Gains,GAINS,0xD9eA58350Bf120E2169A35FA1aFC31975b07de01,18
Acet Token,ACT,0x9f3bcbe48e8b754f331dfc694a894e8e686ac31d,18
NanoByte Token,NBT,0x1D3437E570e93581Bd94b2fd8Fbf202d4a65654A,18
Cashaa,CAS,0x780207b8c0fdc32cf60e957415bfa1f2d4d9718c,18
Chain Games,bCHAIN,0x35de111558f691f77f791fb0c08b2d6b931a9d47,18
Bridge,BRG,0x6e4a971b81ca58045a2aa982eaa3d50c4ac38f42,18
Bsc-Peg INSUR Token,INSUR,0x3192ccddf1cdce4ff055ebc80f3f0231b86a7e30,18
SavePlanetEarth,SPE,0x4ac81e3631DcDa62109e3117c4CAE7bf70BbbbD2,9
StarShip,STARSHIP,0x52419258e3fa44deac7e670eadd4c892b480a805,9
Wombat Token,WOM,0xad6742a35fb341a9cc6ad674738dd8da98b94fb1,18
FinNexus,FNX,0xdfd9e2a17596cad6295ecffda42d9b6f63f7b5d5,18
ZILLION AAKAR XO,ZAX,0x9A2478C4036548864d96a97Fbf93f6a3341fedac,9
MEAN,MEAN,0x6c9297be2e3ce9c10c480a25b7157a43fd992942,6
MARS4 [via ChainPort.io],MARS4,0x9cd9c5a44cb8fab39b2ee3556f5c439e65e4fddd,18
ROOBEE,bROOBEE,0xe64f5cb844946c1f102bd25bbd87a5ab4ae89fbe,18
PolkaBridge,PBR,0x1D1cB8997570e73949930c01Fe5796C88d7336c6,18
Nominex,NMX,0xd32d01a43c869edcd1117c640fbdcfcfd97d9d65,18
The DONS,DONS,0x95c91eEf65F50570cFC3f269961a00108Cf7BF59,18
Glitch,GLCH,0xf0902eb0049a4003793bab33f3566a22d2834442,18
DeHub,DHB,0x680d3113caf77b61b510f332d5ef4cf5b41a761d,18
DOSE,DOSE,0x7837fd820bA38f95c54D6dAC4ca3751b81511357,18
BoringDAO,BORING,0xffeecbf8d7267757c2dc3d13d730e97e15bfdf7f,18
StandardBTCHashrateToken,BTCST,0x78650b139471520656b9e7aa7a5e9276814a38e9,17
Raven Protocol,RAVEN,0xcd7c5025753a49f1881b31c48caa7c517bb46308,18
NerveNetwork,NVT,0xf0e406c49c63abf358030a299c0e00118c4c6ba5,8
VFOX,VFOX,0x4d61577d8fd2208a0afb814ea089fdeae19ed202,18
Winkies,WNK,0xb160A5F19ebccd8E0549549327e43DDd1D023526,18
RadioShack Token,RADIO,0x30807d3b851a31d62415b8bb7af7dca59390434a,18
ARIVA,ARV,0x6679eb24f59dfe111864aec72b443d1da666b360,8
TETU Reward Token,TETU,0x1f681b1c4065057e07b95a1e5e504fb2c85f4625,18
Juggernaut DeFi,JGN,0xc13b7a43223bb9bf4b69bd68ab20ca1b79d81c75,18
Venus DOT,vDOT,0x1610bc33319e9398de5f57b33a5b184c806ad217,8
Kiba Inu,KIBA,0xC3afDe95B6Eb9ba8553cDAea6645D45fB3a7FAF5,18
QiDao,QI,0xdDC3D26BAA9D2d979F5E2e42515478bf18F354D5,18
CherrySwap Token,CHE,0xbc420bc2c015d1579f77e4a5c68270b75f2ddb9d,18
Oggy Inu,OGGY,0x92eD61FB8955Cc4e392781cB8b7cD04AADc43D0c,9
League Of Ancients,LOA,0x94b69263fca20119ae817b6f783fc0f13b02ad50,18
Horizon Protocol,HZN,0xc0eff7749b125444953ef89682201fb8c6a917cd,18
PEAKDEFI,PEAK,0x630d98424efe0ea27fb1b3ab7741907dffeaad78,8
April Token,APRIL,0xbfea674ce7d16e26e39e3c088810367a708ef94c,18
Cake Monster,MONSTA,0x8a5d7fcd4c90421d21d30fcc4435948ac3618b2f,18
KING SHIBA,KINGSHIB,0x84F4f7cdb4574C9556A494DaB18ffc1D1D22316C,9
Venus Reward Token,VRT,0x5f84ce30dc3cf7909101c69086c50de191895883,18
Stobox Token v.2,STBU,0xb0c4080a8Fa7afa11a09473f3be14d44AF3f8743,18
AQUA,AQUA,0x72b7d61e8fc8cf971960dd9cfa59b8c829d91991,18
SLAM TOKEN,SLAM,0x000851476180bfc499ea68450A5327D21C9b050e,18
The LoveChain,LOV,0x2e01A3Df69E387E769cC0429f697fD207c02e2f0,8
Deri,DERI,0xe60eaf5a997dfae83739e035b005a33afdcc6df5,18
Woonkly Power,WOOP,0x8b303d5bbfbbf46f1a4d9741e491e06986894e18,18
BIT GAME VERSE TOKEN,BGVT,0xa03110800894b3CcF8723D991d80875561F96777,18
HYVE,HYVE,0xf6565a97dc832d93dc83b75ee9aa5c7e8ecb0f9d,18
Wrapped Idena,iDNA,0x0de08c1abe5fb86dd7fd2ac90400ace305138d5b,18
REVOLVE_GAMES,RPG,0x01E0d17a533E5930A349C2BB71304F04F20AB12B,18
GourmetGalaxy,GUM,0xc53708664b99df348dd27c3ac0759d2da9c40462,18
DogeBonk.com,DOBO,0xae2df9f730c54400934c06a17462c41c08a06ed8,9
XEND,XEND,0x4a080377f83d669d7bb83b3184a8a5e61b500608,18
FABWELT,WELT,0x1785113910847770290f5f840b4c74fc46451201,18
Position Token,POSI,0x5ca42204cdaa70d5c773946e69de942b85ca6706,18
DuckDaoDime,DDIM,0xc9132c76060f6b319764ea075973a650a1a53bc9,18
Silva Token,SILVA,0x68b5edb385b59e30a7a7db1e681a449e94df0213,9
Sakai Vault,SAKAI,0x43B35e89d15B91162Dea1C51133C4c93bdd1C4aF,18
StackOS,STACK,0x6855f7bb6287f94ddcc8915e37e73a3c9fee5cf3,18
Gold Fever Native Gold [via ChainPort.io],NGL,0x0f5d8cd195a4539bcf2ec6118c6da50287c6d5f5,18
Universal Store of Value,USV,0xaf6162DC717CFC8818eFC8d6f46a41Cf7042fCBA,9
ACryptoS,ACS,0x4197c6ef3879a08cd51e5560da5064b773aa1d29,18
MTLX-ERC20,anyMTLX,0x5921dee8556c4593eefcfad3ca5e2f618606483b,18
BELT Token,BELT,0xe0e514c71282b6f4e823703a39374cf58dc3ea4f,18
Jeet Detector Bot,JDB,0x7874CAFf04AFB8B6f5cbBE3ebec3f83Fcd882272,9
Wrapped MIR Token,MIR,0x5b6dcf557e2abe2323c48445e8cc948910d8c2c9,18
KIRA Network,KEX,0x8d11ec38a3eb5e956b052f67da8bdc9bef8abf3e,6
ClinTex,CTI,0x3f670f65b9ce89b82e82121fd68c340ac22c08d6,18
REALM,REALM,0x464FdB8AFFC9bac185A7393fd4298137866DCFB8,18
AtariToken,bATRI,0xc0c6e4c6e70c6231b20979bda581a66f062a7967,0
O3 Swap Token,O3,0xee9801669c6138e84bd50deb500827b776777d28,18
FREE coin BSC,FREE,0x12e34cdf6a031a10fe241864c32fb03a4fdad739,18
Antimatter.Finance Mapping Token,MATTER,0x1c9491865a1de77c5b6e19d2e6a5f1d7a6f2b25f,18
Football World Community,Fwc,0x6d3a160b86edcd46d8f9bba25c2f88cccade19fc,9
Safe Haven Token,SHA,0x40fed5691e547885cabd7a2990de719dcc8497fc,18
Chainport.io-Peg Fear NFTs,FEAR,0x9ba6a67a6f3b21705a46b380a1b97373a33da311,18
Meta Ruffy,MR,0x2456BBAD80BfAD346AecEa45fA38C81a6963132D,18
AUTOv2,AUTO,0xa184088a740c695e156f91f5cc086a06bb78b827,18
The Three Kingdoms,TTK,0x39703a67bac0e39f9244d97f4c842d15fbad9c1f,18
VIDT DAO,VIDT,0x9c4a515cd72d27a4710571aca94858a53d9278d5,18
KCCPAD.io,KCCPAD,0x11582ef4642b1e7f0a023804b497656e2663bc9b,18
ShopNext Token,NEXT,0x9809e877192b510d767a94ba39a79429219a5afb,18
Plasma,PPAY,0xfb288d60d3b66f9c3e231a9a39ed3f158a4269aa,18
Kommunitas,KOM,0x471ea49dd8e60e697f4cac262b5fafcc307506e4,8
GAIA Everworld,GAIA,0x347e430b7cd1235e216be58ffa13394e5009e6e2,18
Fodl,FODL,0x43f5b29D63ceDC5a7c1724dbB1D698FDe05Ada21,18
Triall,TRL,0xE2EB47954e821DC94e19013677004cD59Be0b17f,18
Inuko Coin,INUKO,0xEa51801b8F5B88543DdaD3D1727400c15b209D8f,18
Rubic,BRBC,0x8e3bcc334657560253b83f08331d85267316e08a,18
Ditto,DITTO,0x233d91a0713155003fc4dce0afa871b508b3b715,9
Curate,XCUR,0xd52669712f253cd6b2fe8a8638f66ed726cb770c,8
PureFi Token,UFI,0xe2a59d5e33c6540e18aaa46bf98917ac3158db0d,18
Euler.Tools,EULER,0x3920123482070c1a2dff73aad695c60e7c6f6862,18
NAOSToken,NAOS,0x758d08864fb6cce3062667225ca10b8f00496cc2,18
BlockApeScissors,BAS,0x8ddeec6b677c7c552c9f3563b99e4ff90b862ebc,18
Liquidus,LIQ,0xc7981767f644c7f8e483dabdc413e8a371b83079,18
Cat,CAT,0x0173295183685F27C84db046B5F0bea3e683c24b,18
UNCL on xDai on BSC,UNCL,0x0e8d5504bf54d9e44260f8d153ecd5412130cabb,18
CheemsInu,CINU,0x842defb310cace2b923c1fd7b3db067d3d0fcc34,9
SOMBRA,SMBR,0x8ad8e9b85787ddd0d31b32ecf655e93bfc0747ef,9
Synapse Network,SNP,0x6911f552842236bd9e8ea8ddbb3fb414e2c5fa9d,18
UpBots Token,UBXN,0xc822bb8f72c212f0f9477ab064f3bdf116c193e6,18
vEmpire Gamer Token,VEMP,0xeDF3ce4Dd6725650a8e9398e5C6398D061Fa7955,18
CZRed,CZR,0x5cd0c2C744caF04cda258Efc6558A3Ed3defE97b,18
Nabox Token,NABOX,0x755f34709e369d37c6fa52808ae84a32007d1155,18
VCGamers,VCG,0x1F36FB2D91d9951Cf58aE4c1956C0b77e224F1E9,18
ZAP TOKEN,ZAP,0xc5326b32e8baef125acd68f8bc646fd646104f1c,18
Coin98 Dollar,CUSD,0xFa4BA88Cf97e282c505BEa095297786c16070129,18
OddzToken,ODDZ,0xcd40f2670cf58720b694968698a5514e924f742d,18
GetKicks,KICKS,0xfeb4e9b932ef708c498cc997abe51d0ee39300cf,18
ethbox Token,EBOX,0x33840024177a7daca3468912363bed8b425015c5,18
ARTH Valuecoin (BSC),ARTH.bsc,0x85daB10c3BA20148cA60C2eb955e1F8ffE9eAa79,18
USDEX,USDEX,0x829c09fcc46d9fd31967272aba245bef9f727f93,18
NFTArt.Finance,NFTART,0xf7844cb890f4c339c497aeab599abdc3c874b67a,9
SWINGBY token,SWINGBY,0x71de20e0c4616e7fcbfdd3f875d568492cbe4739,18
Allbridge,ABR,0x68784ffaa6ff05e3e04575df77960dc1d9f42b4a,18
Blockchain Monster Coin,BCMC,0xc10358f062663448a3489fc258139944534592ac,18
AIR,AIR,0xd8a2ae43fd061d24acd538e3866ffc2c05151b53,18
ARCONA,ARCONA,0x8fc4532be3003fb5a3a2f9afc7e95b3bfbd5faab,18
pTokens ORE [via ChainPort.io],ORE,0x4ef285c8cbe52267c022c39da98b97ca4b7e2ff9,18
CO,CO,0x936b6659ad0c1b244ba8efe639092acae30dc8d6,6
BlockchainSpace [via ChainPort.io],GUILD,0x0565805ca3a4105faee51983b0bd8ffb5ce1455c,18
Avocado DAO Token,AVG,0xa41F142b6eb2b164f8164CAE0716892Ce02f311f,18
DxSale.Network,SALE,0x04F73A09e2eb410205BE256054794fB452f0D245,18
Wanaka Farm,WANA,0x339c72829ab7dd45c3c52f965e7abe358dd8761e,18
Lunar,LNR,0xc1A59a17F87ba6651Eb8E8F707db7672647c45bD,18
Spartan Protocol Token V2,SPARTA,0x3910db0600ea925f63c36ddb1351ab6e2c6eb102,18
ERTHA Token,ERTHA,0x62823659d09f9f9d2222058878f89437425eb261,18
King,KING,0x74f08af7528ffb751e3a435ddd779b5c4565e684,9
OXBULL.TECH,OXB,0x7536c00711e41df6aebcca650791107645b6bc52,18
Heroes&Empires,HE,0x20d39a5130f799b95b55a930e5b7ebc589ea9ed8,18
META FACE,MEFA,0x6Ad0F087501Eee603AeDa0407c52864bc7f83322,9
Pawthereum,PAWTH,0x409e215738E31d8aB252016369c2dd9c2008Fee0,9
ARI10,ARI10,0x80262F604acAC839724F66846F290A2cC8b48662,18
Streamity,STM,0x90df11a8cce420675e73922419e3f4f3fe13cccb,18
LFG Token,LFG,0xf93f6b686f4a6557151455189a9173735d668154,18
Tycoon Token,TYC,0x8DFD366ff98390ea35EaacB35673279218A596A5,18
OpenWorld,OPEN,0x27a339d9b59b21390d7209b78a839868e319301b,18
Extend Finance,EXF,0x6306e883493824ccf606d90e25f68a28e47b98a3,9
CryptoBlades Skill Token,SKILL,0x154a9f9cbd3449ad22fdae23044319d6ef2a1fab,18
Gather,GTH,0xeb986DA994E4a118d5956b02d8b7c3C7CE373674,18
Revomon,REVO,0x155040625d7ae3e9cada9a73e3e44f76d3ed1409,18
Reva Token,REVA,0x4FdD92Bd67Acf0676bfc45ab7168b3996F7B4A3B,18
GMPD,GMPD,0x9720ca160bbd4e7f3dd4bb3f8bd4227ca0342e63,18
Rio Fuel Token,RFuel,0x69a1913d334b524ea1632461c78797c837ca9fa6,18
Hakka Finance on xDai on BSC,HAKKA,0x1d1eb8e8293222e1a29d2c0e4ce6c0acfd89aaac,18
SOAKMONT V2,SKMT,0x1B2fdB1626285B94782af2Fda8e270E95cEbC3b4,18
Brokoli Token [via ChainPort.io],BRKL,0x66cafcf6c32315623c7ffd3f2ff690aa36ebed38,18
Bogged Finance,BOG,0xb09fe1613fe03e7361319d2a43edc17422f36b09,18
YEL Token,YEL,0xd3b71117e6c1558c1553305b44988cd944e97300,18
Easy V2,EZ,0x5512014efa6cd57764fa743756f7a6ce3358cc83,18
Mogul Stars,STARS,0xbd83010eb60f12112908774998f65761cf9f6f9a,18
Coinary Token,CYT,0xd9025e25bb6cf39f8c926a704039d2dd51088063,18
Kwai,KWAI,0x235D650fc6d9Eb7D4bAc77e128265295A0054304,18
IOI Token via ChainPort.io,IOI,0x959229d94c9060552daea25ac17193bca65d7884,6
Billion Happiness,BHC,0x6fd7c98458a943f469e1cf4ea85b173f5cd342f4,18
Peri Finance Token,PERI,0xb49B7e0742EcB4240ffE91661d2A580677460b6A,18
Lunatics,LunaT,0x2A48eCe377b87ce941406657B9278b4459595E06,9
Monsta Infinite Token,MONI,0x9573c88ae3e37508f87649f87c4dd5373c9f31e0,18
Hotbit Token,HTB,0x4e840aadd28da189b9906674b4afcb77c128d9ea,18
Venus BCH,vBCH,0x5f0388ebc2b94fa8e123f404b79ccf5f40b29176,8
Spore,SPORE,0x33a3d962955a3862c8093d1273344719f03ca17c,9
NapoleonX Token,NPXB,0xd8cb4c2369db13c94c90c7fd3bebc9757900ee6b,18
DePay,DEPAY,0xa0bed124a09ac2bd941b10349d8d224fe3c955eb,18
NFTY Token,NFTY,0x5774b2fc3e91af89f89141eacf76545e74265982,18
Ftribe Fighters Coin,F2C,0x657b632714e08ac66b79444ad3f3875526ee6689,18
Kaby Gaming Token,KGT,0xa4e208c627f3adc60165c2a9fe79d73f4e8dd760,18
MetaFabric,FABRIC,0x73ff5dd853cb87c144f463a555dce0e43954220d,18
Smart Advertising Transaction Token,SATT,0x448bee2d93be708b54ee6353a7cc35c4933f1156,18
Life Crypto,LIFE,0x82190d28E710ea9C029D009FaD951c6F1d803BB3,18
Hedget,HGET,0xc7d8d35eba58a0935ff2d5a33df105dd9f071731,6
LQT Token,LQT,0xbd2c43da85d007b0b3cd856fd55c299578d832bc,18
MTG,MTG,0xf1b602fc211e3e2976ef44e4017b764a778197e0,18
NDB,NDB,0xf8028b65005B0B45f76988d2A77910186E7af4eF,12
Wall Street Games,WSG,0xA58950F05FeA2277d2608748412bf9F802eA4901,18
Wonderman Token,WNDR,0xdfd7b0dd7bf1012dfdf3307a964c36b972300ac8,8
RITE Coin,RITE,0x0f5d54b27bdb556823f96f2536496550f8816dc5,18
TryHards,TRY,0x75d107de2217ffe2cd574a1b3297c70c8fafd159,18
Shirtum,SHI,0x7269d98af4aa705e0b1a5d8512fadb4d45817d5a,18
SafeBLAST,BLAST,0xddc0dbd7dc799ae53a98a60b54999cb6ebb3abf0,9
Babylons Governance Token,BABI,0xec15a508a187e8ddfe572a5423faa82bbdd65120,18
DOGEWHALE,DOGEWHALE,0x43adc41cf63666ebb1938b11256f0ea3f16e6932,18
UNIFARM Token,UFARM,0x0A356f512f6fCE740111ee04Ab1699017a908680,18
DeFiAI Token,DEFIAI,0xe1a0ce8b94c6a5e4791401086763d7bd0a6c18f5,18
Goose Golden Egg,EGG,0xf952fc3ca7325cc27d15885d37117676d25bfda6,18
Shard,SHARD,0xd8a1734945b9ba38eb19a291b475e31f49e59877,18
MetaSoccer Universe,MSU,0xe8377a076adabb3f9838afb77bee96eac101ffb1,18
LunaChow on xDai from xDai,LUCHOW,0xe4e8e6878718bfe533702d4a6571eb74d79b0915,18
POLKER,PKR,0xc49dde62b4a0810074721faca54aab52369f486a,18
Etherland,bELAND,0x708Cb02ad77E1B245B1640cee51B3Cc844bcAeF4,18
COGI Coin,COGI,0x6cb755c4b82e11e727c05f697c790fdbc4253957,18
HerityNetwork,HER,0x8c18ffd66d943c9b0ad3dc40e2d64638f1e6e1ab,9
Mudol2 Token,MUDOL2,0x5e7f472B9481C80101b22D0bA4ef4253Aa61daBc,18
Moonscape,MSCP,0x27d72484f1910F5d0226aFA4E03742c9cd2B297a,18
Impossible Finance,IF,0xb0e1fc65c1a741b4662b813eb787d369b8614af1,18
Ecoin Finance,ECOIN,0x7d38315b92d0E7A85B35B2b7FE969B25935619D7,18
XProject,XPRO,0x7c1b2f618569789941b88680966333f3e8fedc61,9
Froyo,Froyo,0xe369fec23380f9f14ffd07a1dc4b7c1a9fdd81c9,18
The 4th Pillar Token on xDai from xDai,FOUR,0xd882739fca9cbae00f3821c4c65189e2d7e26147,18
TravelCare,TRAVEL,0x826e5ec70dbc5607ff9218011fbb97f9a8d97953,18
Super Launcher,LAUNCH,0xb5389a679151c4b8621b1098c6e0961a3cfee8d4,18
Cryptonovae,YAE,0x4ee438be38f8682abb089f2bfea48851c5e71eaf,18
Asian Fintech,Afin,0xB955B4cAb9Aa3B49E23AEB5204EBc5fF6678E86D,18
Vera,VERA,0x4a0a3902e091cdb3aec4279a6bfac50297f0a79e,18
DOS Network Token BEP20,DOS,0xdc0f0a5719c39764b011edd02811bd228296887c,18
Helmet.insure Governance Token,Helmet,0x948d2a81086a075b3130bac19e4c6dee1d2e3fe8,18
Yearn Secure,YSEC,0x56a0f16af7c8098141b363094fcf864d52831326,18
Metaverse VR,MEVR,0xdDe3ed0bB77C1CafABF8B38F9a1E81EdDdC7DDc9,18
DeFi For You.,DFY,0xd98560689c6e748dc37bc410b4d3096b1aa3d8c2,18
EDE,EDE,0x4136129ac3ac90cf9817548b24d35e73e9457e05,18
Kangal,bKANGAL,0xd632bd021a07af70592ce1e18717ab9aa126decb,18
GoSwapp,GOFI,0x6b8227a0e18bd35a10849601db194b24aab2c8ea,18
Energyfi Token,EFT,0xae98e63db1c4646bf5b40b29c664bc922f71bc65,18
Orion Money Token [via ChainPort.io],ORION,0x5530ec23f4ee1521182bd158c09f4ca7efec1ef0,18
Channels,CAN,0xde9a73272bc2f28189ce3c243e36fafda2485212,18
COLLIE INU,COLLIE,0x31491c35C094A0336f4859Dd94aB9466709deC45,18
Poly-Peg COOK,COOK,0x965b0df5bda0e7a0649324d78f03d5f7f2de086a,18
GamyFi,GFX,0x65ad6a2288b2dd23e466226397c8f5d1794e58fc,18
8PAY Network,8PAY,0xfeea0bdd3d07eb6fe305938878c0cadbfa169042,18
Multichain WSPP,mWSPP,0xb067c1dd69d41ffa29f959901c91aa7731cc4e26,18
WolfSafePoorPeople,WSPP,0x46d502fac9aea7c5bc7b13c8ec9d02378c33d36f,0
CafeSwap Token,BREW,0x790be81c3ca0e53974be2688cdb954732c9862e1,18
SakeToken,SAKE,0x8bd778b12b15416359a227f0533ce2d91844e1ed,18
HYDRO TOKEN,HYDRO,0xf3dbb49999b25c9d6641a9423c7ad84168d00071,18
ArgonToken,ARGON,0x851f7a700c5d67db59612b871338a85526752c25,18
Rabbit Coin,RABBIT,0x95a1199eba84ac5f19546519e287d43d2f0e1b41,18
Tardigrades.Finance,TRDG,0x92a42db88ed0f02c71d439e55962ca7cab0168b5,9
Robust Token,RBT,0x891e4554227385c5c740f9b483e935e3cbc29f01,18
Little Angry Bunny v2,LAB v2,0x07f5ceded6b3dba557b3663edc8941fb37b63945,9
WaultSwap,WEX,0xa9c41a46a6b3531d28d5c32f6633dd2ff05dfb90,18
Plant vs Undead Token,PVU,0x31471e0791fcdbe82fbf4c44943255e923f1b794,18
Digital Files,DIFI,0x0938a5d325A8496c186Cf122946e9dD22f8a625b,18
WorkQuest Token,WQT,0xBC648Cbd7B2B2c666f9f46aC5C5Ce6ee77f9C407,18
Waifu,Waifu,0xd0aa796e2160ED260c668E90aC5f237b4eBd4b0d,18
Kripton,LPK,0x9b71b5511998e0798625b8fa74e86d8192de78c1,18
xSigma,SIG,0x7777777777697cfeecf846a76326da79cc606517,18
HedgePay,HPAY,0xc75aa1fa199eac5adabc832ea4522cff6dfd521a,18
BabyUSDT,BABYUSDT,0x8dc1942e2089e711725eda66ab06650035475441,18
Cubiex,CBIX,0x34681c1035f97e1edcccec5f142e02ff81a3a230,18
Lympo Market Token,LMT,0x9617857e191354dbea0b714d78bc59e57c411087,18
COSMIC FOMO,COSMIC,0xBabACc135Bbf2ce30f9C0f12665B244D3689A29C,18
Twinci,TWIN,0xaf83f292fced83032f52ced45ef7dbddb586441a,18
Buni Token,BUNI,0x0e7beec376099429b85639eb3abe7cf22694ed49,18
Berry Tributes,BRY,0xf859Bf77cBe8699013d6Dbc7C2b926Aaf307F830,18
WOWswap,WOW,0x4da996c5fe84755c80e108cf96fe705174c5e36a,18
BAGEL,BAGEL,0xbb238fce6e2ee90781cd160c9c6eaf3a4cfad801,18
$Poolz Finance [via ChainPort.io],POOLZ,0x77018282fd033daf370337a5367e62d8811bc885,18
FlashX Ultra,FSXU,0xa94b7a842aadb617a0b08fa744e033c6de2f7595,8
Lovelace,LACE,0xA3499dd7dBBBD93CB0f8303f8a8AcE8D02508E73,18
Feeder.finance,FEED,0x67d66e8ec1fd25d98b3ccd3b19b7dc4b4b7fc493,18
Graviton,GTON,0x64d5baf5ac030e2b7c435add967f787ae94d0205,18
PULI INU,PULI,0xaef0a177c8c329cbc8508292bb7e06c00786bbfc,9
BETU,BETU,0x0df1b3f30865c5b324797f8db9d339514cac4e94,18
StaysBASE,SBS,0xc1d99537392084cc02d3f52386729b79d01035ce,9
Atlantis,ATL,0x1fd991fb6c3102873ba68a4e6e6a87b3a5c10271,18
France REV Finance,FRF,0x5a29c96fa93ffa8845fb7f8616a03aa85fcc11d6,8
pTokens $ANRX,$ANRX,0xe2e7329499e8ddb1f2b04ee4b35a8d7f6881e4ea,18
UBUToken,UBU,0xd2ddfba7bb12f6e70c2aab6b6bf9edaef42ed22f,18
Propel,PROPEL,0x9b44df3318972be845d83f961735609137c4c23c,18
RigelToken,RGP,0xfa262f303aa244f9cc66f312f0755d89c3793192,18
Polaris,POLARv3,0x70905594023cb2f37f3103fdc70315ad1601d6ef,18
MMToken,MM,0x73f059db0182dc2ed716d028e1b13033cfcbf63b,18
Fusible | Fusible.io,FUSII,0x3a50d6daacc82f17a2434184fe904fc45542a734,18
PrivaCoin,PRVC,0x5711f19b7b21938d31d07e5736b4660c1159d7d3,18
NFTmall GEM Token,GEM,0xbac1df744df160877cdc45e13d0394c06bc388ff,18
Squirrel Finance,NUTS,0x8893d5fa71389673c5c4b9b3cb4ee1ba71207556,18
AmpleSwap Token,AMPLE,0x19857937848c02afbde8b526610f0f2f89e9960d,18
Multiplier,bMXX,0x4131b87f74415190425ccd873048c708f8005823,18
SF Capital,SFCP,0x5ce8e55e256e4bd58cea94963d4cb280de6b8bb2,18
Anji,ANJI,0xfc619FfCc0e0F30427BF938f9A1B2BfAE15bDf84,9
2local Token,2LC,0x11f6ecc9e2658627e0876212f1078b9f84d3196e,18
BGOV Token,BGOV,0xf8e026dc4c0860771f691ecffbbdfe2fa51c77cf,18
Binance Beacon ETH,BETH,0x250632378e573c6be1ac2f97fcdf00515d0aa91b,18
Ankr Staked BNB,ankrBNB,0x52f24a5e03aee338da5fd9df68d2b6fae1178827,18
Staked BNB,stkBNB,0xc2E9d07F66A89c44062459A47a0D2Dc038E4fb16,18
Thoreumv3 - Thoreum.Capital,THOREUM,0xce1b3e5087e8215876af976032382dd338cf8401,18
Binance-Peg Bitcoin Cash ABC,BCHA,0xd475c9c934dcd6d5f1cac530585aa5ba14185b92,18
Venus BETH,vBETH,0x972207a639cc1b374b893cc33fa251b55ceb7c07,8
Octree Finance,OCT,0x49277cc5be56b519901e561096bfd416277b4f6d,8
GoatGang,GGT,0x0195Af07ff81E2dCdd40BB8F7719fb4426a978C9,18
BelugaToken,BELUGA,0x181de8c57c4f25eba9fd27757bbd11cc66a55d31,18
SOLANA,SOL,0x570a5d26f7765ecb712c0924e4de545b89fd43df,18
Fuel Token,Fuel,0x2090c8295769791ab7a3cf1cc6e0aa19f35e441a,18
CHEELEE,CHEEL,0x1f1c90aeb2fd13ea972f0a71e35c0753848e3db0,18
Ethereum Message Search from Mainnet,EMS,0x8444bd389e5db8ceaad7b95466a0b8a1939af1a9,18
vSWAP.fi,vBSWAP,0x4f0ed527e8a95ecaa132af214dfd41f30b361600,18
Martik,MTK,0x116526135380E28836C6080f1997645d5A807FAE,18
YSL,YSL,0xef4c37e914243322a32a81abd34de76af1b47da0,18
Sheesha Finance,SHEESHA,0x232fb065d9d24c34708eedbf03724f2e95abe768,18
Surf,SURF,0xE664cbfAB870413da211F78709911b98950fD94c,5
Bat True Share,BTS,0xc2e1acef50ae55661855e8dcb72adb182a3cc259,18
mCoin,MCOIN,0x6d86f0a41c3966cef8ea139648db707e912563c9,18
EGOLD - Algorithmic NFT Mining,EGOLD,0x8005d97e993668a528008d16338b42f9e976ed0f,18
Gyro,GYRO,0x1b239abe619e74232c827fbe5e49a4c072bd869d,9
Anyswap-BEP20,ANY,0xf68c9df95a18b2a5a5fa1124d79eeeffbad0b6fa,18
Seven Up Token,7UP,0x29f350b3822f51dc29619c583adbc9628646e315,18
Binance-Peg Firo Token,FIRO,0xd5d0322b6bab6a762c79f8c81a0b674778e13aed,8
PancakeSwap Token,Cake,0x0e09fabb73bd3ade0a17ecc321fd13a19e81ce82,18
LinkDao,LKD,0xaF027427DC6d31A3e7e162A710a5Fe27e63E275F,18
https://degen.trade/,DGN,0x72f28c09be1342447fa01ebc76ef508473d08c5c,18
Shield Protocol,SHIELD,0x00f97c17f4dc4f3bfd2dd9ce5e67f3a339a8a261,18
BSCX,BSCX,0x5ac52ee5b2a633895292ff6d8a89bb9190451587,18
Jarvis Synthetic Euro,jEUR,0x23b8683Ff98F9E4781552DFE6f12Aa32814924e8,18
Frax Price Index,FPI,0x2dd1b4d4548accea497050619965f91f78b3b532,18
Adonis,ADON,0xcd392021084683803525fe5e6c00cae9c6be5774,18
BOB,BOB,0xb0b195aefa3650a6908f15cdac7d92f8a5791b0b,18
Cradle of Sins,COS,0x4d9f39f7Cb7c7444335077223cEeF33dbB58096F,18
Ankr Staked MATIC,ankrMATIC,0x738d96caf7096659db4c1afbf1e1bdfd281f388c,18
Fasst,FAS,0x471ed23831918959bbd85c479120a4365db7f31a,18
Minto Bitcoin Hashrate Token,BTCMT,0x410a56541bD912F9B60943fcB344f1E3D6F09567,18
META-UTOPIA LAND,LAND,0x9131066022B909C65eDD1aaf7fF213dACF4E86d0,18
GFORCE v2,GFCE,0x5f136383e230f972739fae2e81e7e774afe64c66,9
Spore Token,SPORE,0x77f6a5f1b7a2b6d6c322af8581317d6bb0a52689,18
BUX Token,BUX,0x211ffbe424b90e25a15531ca322adf1559779e45,18
The Bend,BEND,0x13AbEC309d958c7900e8DEA7d930D794981507Ad,9
Charge,Charge,0x1c6bc8e962427deb4106ae06a7fa2d715687395c,18
HyperCycle Token,HyPC,0x7881cd2b5724431372f57c50e91611352557a606,6
QUINT,QUINT,0x64619f611248256F7F4b72fE83872F89d5d60d64,18
VANCI.FINANCE,VANCII,0x8f9b482b74afc0b7e8aefc704f1f04df208ee332,18
KISSAN,KSN,0xc8a11f433512c16ed895245f34bcc2ca44eb06bd,18
RobustSwap Token,RBS,0x95336aC5f7E840e7716781313e1607F7C9D6BE25,18
Hectagon,HECTA,0x343915085b919fbd4414F7046f903d194c6F60EE,9
Guardian,GUARD,0xF606bd19b1E61574ED625d9ea96C841D4E247A32,18
Pomerium Ecosystem Token,PMG,0x0733618ab62eeec815f2d1739b7a50bf9e74d8a2,18
Keep3r BSC Network,KP3RB,0x5ea29eee799aa7cc379fde5cf370bc24f2ea7c81,18
Ultron,ULX,0xd983AB71a284d6371908420d8Ac6407ca943F810,18
RecoveryDAO,REC,0xb922aa024e71a25077d78b593bd6f11f2f412e72,18
DEXShare,DEXShare,0xf4914e6d97a75f014acfcf4072f11be5cffc4ca6,18
HPSv2,HPS,0xc9D53A339F3c22E016C6fA1E3Eb85AC32c75fED2,18
Weather,Weather,0xbe3e4cfd929156f612df36042d79201ecf5344d7,18
LoopNetwork,LOOP,0xce186ad6430e2fe494a22c9edbd4c68794a28b35,18
Genta,GENA,0x7f4959528D4C9c7379b3437C7Eea40376fD96B8a,18
Venus FIL,vFIL,0xf91d58b5ae142dacc749f58a49fcbac340cb0343,8
ETHAX,ETHAX,0x854f7cd3677737241e3eed0dc3d7f33dfaf72bc4,18
Bat True Dollar,BTD,0xd1102332a213e21faf78b69c03572031f3552c33,18
Pylon Eco Token,PETN,0x57457b5d725d85a70a3625d6a71818304e773618,18
EXENO,EXN,0x35c3e9411179e91f2b35cc20b7727d2edf3e8e9a,18
Venus XVS,vXVS,0x151b1e2635a717bcdc836ecd6fbb62b674fe3e1d,8
Shopdi Token,SHOD,0xa6d662ddb759f2a3c4240bca2e1cc86d383f9e71,18
WrappedNCG,WNCG,0x52242cbAb41e290E9E17CCC50Cc437bB60020a9d,18
Bunny Token,BUNNY,0xc9849e6fdb743d08faee3e34dd2d1bc69ea11a51,18
Apple,AMB,0x95977A9DaA14A00258f89a14F75B6E35d5B730d4,9
Dogestribute,DGSTB,0x5aa638c6777e2f041951a3d539a32cac83503441,9
MARU,MARU,0x08a84af1368cd333073ac5dfb2254208e06b3a70,18
TOZEX,TOZ,0xcf0bea8b08fd28e339eff49f717a828f79f7f5ec,18
GG TOKEN,GGTKN,0x1f7e8fe01aeba6fdaea85161746f4d53dc9bda4f,18
BSCstarter,START,0x31d0a7ada4d4c131eb612db48861211f63e57610,18
dibs.money,DIBS,0xfd81ef21ea7cf1dc00e9c6dd261b4f3be0341d5c,18
DeFiYieldProtocol,DYP,0x961c8c0b1aad0c0b10a51fef6a867e3091bcef17,18
Moeda Loyalty Points,MDA,0xd72aa9e1cddc2f6d6e0444580002170fba1f8eed,18
Static,Static,0x7deb9906bd1d77b410a56e5c23c36340bd60c983,18
Bull Perks,BLP,0xfe1d7f7a8f0bda6e415593a2e4f82c64b446d404,18
DEFI 100,D100,0x9d8aac497a4b8fe697dd63101d793f0c6a6eebb6,9
TBCC v2,TBCC,0xf29480344d8e21efeab7fde39f8d8299056a7fea,18
BONE,BONE,0x67915e893b68fbc436a288564fff1476b632b009,18
Tenup DAO Token,TUP,0x63eaEB6E33E11252B10553900a9F38A9ed172871,18
Venera,VSW,0x94174f59c009f49b6aBC362706fdA402616b0427,18
Wetux,WETUX,0x58f0C2fd4B7B0fBaC97c9cC71A5Eb810627734C8,8
Jointer,JNTR,0x5f2caa99fc378248ac02cbbaac27e3fa155ed2c4,18
SEEDx,SEEDx,0x0cbfdea4f45a486cc7db53cb6e37b312a137c605,18
Kiwi Token,KIWI,0xcfdf8a80fecaeecc144fa74c0df8691bfd0e26e3,18
yoda_coin_swap,JEDALs,0x50288F36d77d08093809f65B0ADf4DED9f5c6236,9
dollarmoon,Dmoon,0x7d18f3fe6e638fad0adacc5db1a47f871a2c2cc4,18
Space Token,SPACE,0x9e1170c12fddd3b00fec42ddf4c942565d9be577,18
MarketLedger,ML,0xc4fB957e3F1c04C8Dc4000525e55920861F25bFc,18
DEI,DEI,0xde1e704dae0b4051e80dabb26ab6ad6c12262da0,18
Extended Guapcoin,xGUAP,0xd74068c0fff0694bb7ad88bce9cdc5f74799f05c,18
WeSendit,WSI,0x837a130aed114300bab4f9f1f4f500682f7efd48,18
GAMMA,GAMMA,0xb3cb6d2f8f2fde203a022201c81a96c167607f15,18
Phoswap,PHO,0xb9784c1633ef3b839563b988c323798634714368,8
Recycling Token,CYC,0xCb64f56A1f5865907dC01BeF4f828a2ae1D957c4,9
Virtual Meta,VMA,0xcC6C9773A8a70C4642dFfCEb017742830AAAC1a6,18
Crosschain IOTX,CIOTX,0x2aaf50869739e317ab80a57bf87caa35f5b60598,18
Uplift,LIFT,0x513c3200f227ebb62e3b3d00b7a83779643a71cf,18
Magpie Token,MGP,0xd06716e1ff2e492cc5034c2e81805562dd3b45fa,18
Vulkania,VLK,0x797Bb0BeeA437D2762A755ea911C0046C1284568,18
DEFINA TOKEN,FINA,0x426c72701833fdDBdFc06c944737C6031645c708,18
Crox Token,CROX,0x2c094f5a7d1146bb93850f629501eb749f6ed491,18
Lego Coin,LEGO,0x520EbCcc63E4d0804b35Cda25978BEb7159bF0CC,9
KyteOne,KTE,0x61fa01129ac0bb124d1c60dc9f735c6c579a858b,18
Bidz Coin,BIDZ,0xc2ebaa5f640b30c0d6712a6e0656fb816c10a7d4,18
CBK,CBK,0x4f60a160d8c2dddaafe16fcc57566db84d674bd6,18
PANDORA,PNDR,0x6c1efbed2f57dd486ec091dffd08ee5235a570b1,18
CanYaCoin,CAN,0x007ea5c0ea75a8df45d288a4debdd5bb633f9e56,18
binance conflux Flux Protocol,bcFLUX,0x0747cda49c82d3fc6b06df1822e1de0c16673e9f,18
Venus XRP,vXRP,0xb248a295732e0225acd3337607cc01068e3b9c10,8
GrowMoon,GM,0x2BacbA5078611E261Dc55487E1bB9c145Df49Cc7,18
Speciex,spex,0xf1b6460e7fa76e7afddfe20740c260b0ec6807a8,18
MetalSwap,XMT,0x582c12b30f85162fa393e5dbe2573f9f601f9d91,18
Okse,OKSE,0x606fb7969fc1b5cad58e64b12cf827fb65ee4875,18
TokenPocket Token,TPT,0xeca41281c24451168a37211f0bc2b8645af45092,4
WardenSwap Token,Warden,0x0feadcc3824e7f3c12f40e324a60c23ca51627fc,18
cheesemaker.farm,CHS,0xadd8a06fd58761a5047426e160b2b88ad3b9d464,18
Venus ADA,vADA,0x9a0af7fdb2065ce470d72664de73cae409da28ec,8
M7V2,M7V2,0x8d55eca212a56e9d3a0c337950f910e3397e1e68,8
Cross Finance,CRP,0x1ad8d89074afa789a027b9a31d0bd14e254711d0,18
N1CEToken,N1CE,0xc14df1e2fff3708816495e7364ff274aceecad91,18
COMMUNIQUE,CMQ,0x074E91c178e4B4c6228357A5A0B6df5aD824f0d8,18
Kudoe,KDOE,0xB9eEE0069bb54C2aA5762D184455686ec58A431F,18
Vaulty Token,VLTY,0x38A5cbe2FB53d1d407Dd5A22C4362daF48EB8526,18
99Starz,STZ,0x7FE378c5e0B5C32AF2ecc8829beDF02245A0E4eF,18
Krabots,KRAC,0xb91F0fdFfdDE4d6D53ac4066AcC32aA81fC6DE2C,18
WalletNow,WNOW,0x56aa0237244c67b9a854b4efe8479cca0b105289,18
WANDA EXCHANGE,WE,0x0dd3a140346a94d403ac62385daaf5a86b50e752,8
Space Crown,SMCW,0xb2ea51baa12c461327d12a2069d47b30e680b69d,18
Immutable,DARA,0x0255af6c9f86f6b0543357bacefa262a2664f80f,18
Bitindi Chain,BNI,0x77fc65dedA64f0CCA9e3aEa7b9D8521f4151882e,18
ChainPort Token [via ChainPort.io],PORTX,0x54c3b88b7e9702f915ddc6e483aaf369b2615f8d,18
GemGuardian,GEMG,0x885c5fb8f0e67b2b0cf3a437e6cc6ebc0f9f9014,18
IMOV,IMT,0x7B8779e01d117ec7e220f8299a6f93672E8eae23,18
Oceans Finance v2,Oceansv2,0x2A54F9710ddeD0eBdde0300BB9ac7e21cF0E8DA5,5
Investdex,INVEST,0x853a8ab1c365ea54719eb13a54d6b22f1fbe7feb,18
OwlDAO token,OWL,0x9085b4d52c3e0b8b6f9af6213e85a433c7d76f19,18
Taco,TACO,0x9066e87Bac891409D690cfEfA41379b34af06391,18
EVAI,EV,0x2167afa1c658dc5c4ec975f4af608ff075a8b8ae,8
EVAI.IO,EVAI,0x233302a38fdbdd2b3f6ee19a66d7e47c4a64fe46,8
HASH,HASH,0xeb1112ac78d537853150e2a07e8b765e29d3f019,18
JetSwap Token,WINGS,0x0487b824c8261462f88940f97053e65bdb498446,18
Encyclopedia wTa,ENCwTa,0xEa4bCFFf56Ef4aeDd7f41Fc260F13f2eEE7DeFCe,18
ArenaPlay,APC,0x2AA504586d6CaB3C59Fa629f74c586d78b93A025,18
AlphaDEX,ROAR,0xe561ebd0d7f9b2bd81da6e7da655030dcb0a926b,18
Bitcoin Pay,BTCPAY,0x9f5c37e0fd9bf729b1f0a6f39ce57be5e9bfd435,18
Demodyfi Token,DMOD,0x002d8563759f5e1eaf8784181f3973288f6856e4,18
FalconSwaps Token,FALCONS,0xb139ed26b743c7254a246cf91eb594d097238524,18
Hot Cross Token,HOTCROSS,0x4fa7163e153419e0e1064e418dd7a99314ed27b6,18
Gami Token,GAMI,0xF0dcF7aC48F8c745F2920D03dFf83f879b80d438,18
Mithrilverse,MITHRIL,0x566FdF5bF13b9642CbDfDd1e5F2A67DC2Bc1755A,18
Sphynx Labs,SPHYNX,0xa776f5b86cc520861f55a261515264e3bd86e72e,18
Legion Token,LGX,0x9096b4309224d751fcb43d7eb178dcffc122ad15,18
Pasta Token,PASTA,0xab9d0fae6eb062f2698c2d429a1be9185a5d4f6e,18
IGUP Token,IGUP,0x522d0F9F3eFF479A5B256BB1C1108F47b8e1A153,18
DVX,DRIVENx,0x6db3972c6a5535708e7a4f7ad52f24d178d9a93e,18
GameStation,GAMER,0x3f6b3595ecf70735d3f48d69b09c4e4506db3f47,18
Ramen Token,Ramen,0x4f47a0d15c1e53f3d94c069c7d16977c29f9cb6b,18
Cash Driver,CD,0x4E5EF3493BcfB5e7548913C3F2A40623Be7D7f98,9
AirNFT Token,AIRT,0x016cf83732f1468150d87dcc5bdf67730b3934d3,18
Hodooi.com Token,HOD,0x19a4866a85c652eb4a2ed44c42e4cb2863a62d51,18
Unilab Network,ULAB,0x7111E5C9b01ffA18957B1AA27E9Cb0e8FBA214F5,18
Venus DOGE,vDOGE,0xec3422ef92b2fb59e84c8b02ba73f1fe84ed8d71,8
Annex,ANN,0x98936Bde1CF1BFf1e7a8012Cee5e2583851f2067,18
Minty,MTY,0xDe27C2c13d1eEB87744bF3c2a9168c1cbd62ee81,9
Education,LEDU,0x887d9c01fff04022da9c6d64a65a481a9e5d1fca,8
Monverse,Monstr,0x3933E1cDD51DE9b0f7d062AC8549cCdf63C219a9,18
Pink Token,PINK,0x9133049fb1fddc110c92bf5b7df635abb70c89dc,18
PontoonToken,TOON,0xaeE433ADeBe0FBB88dAa47eF0C1A513CaA52EF02,18
BlockRock.,BRO$,0x5f54B428f08BCF68c8C1Dc07db9971040e5997Ec,18
Jai Ho,JaiHo,0x2fd2799e83a723b19026a979899dfb70bbf6bf6b,9
LIMOCOIN SWAP,LMCSWAP,0x383094a91ef2767eed2b063ea40465670bf1c83f,18
Useless,1USE,0x60d66a5152612f7d550796910d022cb2c77b09de,18
Duet Governance Token,DUET,0x95EE03e1e2C5c4877f9A298F1C0D6c98698FAB7B,18
VELHALLA.io,SCAR,0x8d9fb713587174ee97e91866050c383b5cee6209,18
Pearl Token,PEARL,0x118b60763002f3ba7603a3c17f946a0c7dab789f,18
Poken,PKN,0x4b5decb9327b4d511a58137a1ade61434aacdd43,18
FAME MMA,FAME,0x28cE223853D123b52C74439B10b43366d73Fd3B5,18
Empire Token,EMPIRE,0x293c3ee9abacb08bb8ced107987f00efd1539288,9
Blockscape,BLC,0x419264d79b92b8DE3C710AB0cD3406Cd11990e02,9
RegularPresale,REGU,0xf1ca73caa1c7ad66af11147ba7d5636243af0493,18
EarnX,EarnX,0x0f76142D83ddEF359753ccA33647Cc4dCEe1C6d1,18
Ledgity,LTY,0x0cBE5C4F318035b866AAcFaf7D018FB4C5F920F3,18
Elemon Token,ELMON,0xe3233fdb23f1c27ab37bd66a19a1f1762fcf5f3f,18
DeSpace Protocol,DES,0xb38b3c34e4bb6144c1e5283af720E046Ee833a2a,18
Cryptonits,CRT,0x36a28c7c9b3dea22f07f4df67833cbe764feeeb4,18
MetaPionner Token,MPI,0x82555cc48a532fa4e2194ab883eb6d465149f80e,18
Tech Trees Coin,TTC,0x6a684b3578f5b07c0aa02fafc33ed248ae0c2db2,18
MANUFACTORY,MNFT,0x36953b5ec00a13edceceb3af258d034913d2a79d,18
GemDao,GemDao,0x3e990DE85Dbd92c9F616A1a4AbeAAE6243Be374b,9
Totem Earth Systems,CTZN,0xa803778ab953d3ffe4fbd20cfa0042ecefe8319d,18
GameGuru,GGT,0xd2359c576632234d1354b20bf51b0277be20c81e,18
Sea Token,SEA,0xfb52fc1f90dd2b070b9cf7ad68ac3d68905643fa,18
INFLIV,IFV,0x198958753988228c100556b5c38e784862687219,18
Binance-Peg Token Club,TCT,0xca0a9df6a8cad800046c1ddc5755810718b65c44,18
Metegg DeFi,MDEFI,0x0475AE77fb55005F15554642d6016c75FD04227A,18
Zombie World Z,ZwZ,0x5445451c07e20ba1ca887b6c74d66d358f46d083,18
SYL,SYL,0x7e52a123ed6db6ac872a875552935fbbd2544c86,6
CryptoBill,CRB,0x822c0E73E31b680eE03258655eDcff31a90b9d3c,8
DOGGY,DOGGY,0x74926b3d118a63f6958922d3dc05eb9c6e6e00c6,18
TEAsWAP.ART,TSA,0x5f99acf13caff815dd9cb4a415c0fb34e9f4545b,18
LunaGens,LUNG,0x28B9aed756De31B6b362aA0f23211D13093EBb79,18
Belifex,BEFX,0x75b2fdd95418e093fca7db858b36549e5e412076,18
CORE MultiChain Token,CMCX,0xb2343143f814639c9b1f42961c698247171df34a,18
MLOKY,MLOKY,0xF71E950758310faF9f7D51C4F4250C7546086C1f,9
Etermon,ETM,0x75bded6bf44bb01527138673dcc064dbe3e7d96d,18
Optimus Inu,OPINU,0x674aA28Ac436834051fff3fC7b6e59D6f9c57a1c,18
JP,JP,0x86cd1FAF05ABbB705842EC3C98EF5006173fb4D6,9
Versatile Finance,$VERSA,0xfD3dBB4709Af9FeEB87EB842Cf6b6b5F37B30fAc,9
Augmented Finance,AGF,0x114597f4260caf4cde1eeb0b9d9865b0b7b9a46a,18
Lucky Unicorn Token,L99,0x033c90840F27C83B1Aa0Ffe6Db65C954BF6ABbdd,18
ALL BEST ICO SATOSHI,SATSALL,0x6101Dc7289eb8F31a0C93E6b36feCB52fd3dE9F2,18
XODEX,XODEX,0xb81408a1cc2f4be70a6a3178d351ca95a77c5a06,18
In Meta Travel,IMT,0xdc923936e5e122698f4cea8d76cf0d069ee93c9c,18
Dinosaur Eggs Token,DSG,0x9a78649501bbaac285ea4187299471b7ad4abd35,18
Alphabet,ALT,0xFe2F3580856376377c14e2287FA15bcB703E5FB5,9
StereoAI,STAI,0xebc148d40313be9c9f214d3beb9f2ddebec0ec52,18
Harmony Launcher,HARL,0x54f85cdb537d5a5ebc76f55b13c6dbc3b6828d57,18
PooChain,POOP,0xa1611e8d4070dee36ef308952cf34255c92a01c5,9
GO!,GO!,0x7aE1Cbec5c315B31948DD2A5A7C2a6A6040D3d5b,18
Oreto Network,ORT,0x8b62e98B3AD434CC6491C8D0dd97Da05E7710fCB,9
Health Potion,HEP,0x7242dbed15630a29ea5347898fa15ff8d5eb3593,0
Safechaintoken,SCT,0xc3262500039696ff8ef9830fb422ab32b15bd366,9
MatrixGPT,MAI,0xE045fc25581cfdC3CFb5c282501f3CD1A133A7ec,18
CBYTE,CBYTE,0xfdfc1ab8bf1e2d6920caf405aa488987a077fc4b,18
WINk,WIN,0xaef0d72a118ce24fee3cd1d43d383897d05b4e99,18
Pricetools,PTOOLS,0x92400f8B8C4658153c10c98500B63aC9F87571c2,18
Worthpad,WORTH,0x63982bBD062cf9d8efcA59EC37609DCC0bc2F305,18
Beach Token,BEACH,0x4f4543Fa5F7FE28a7758ef43FeA71d11fCCDAD5c,9
BerylBit,BRB,0xcA0823d3D04b9FAeA7803cCb87fa8596775190DD,18
Wrapped Metrix,MRXb,0x767b28a30e3a15dcece7bff7a020adfde9d19cf8,8
REX,XRX,0xb25583E5e2dB32b7FCbffe3f5e8E305C36157E54,18
Ezcoin Market,ECM,0x87e837803513e8c735a4eC1bcbf97Bc3050F41a5,0
INME RUN,INMER,0xCABa634307B94f04390afC144A9b841875289751,9
Titano,TITANO,0x4e3cabd3ad77420ff9031d19899594041c420aee,18
loser coin,lowb,0x843d4a358471547f51534e3e51fae91cb4dc3f28,18
JustMoney,JM,0x388D819724dD6d71760A38F00dc01D310d879771,8
8BIT DOGE,BITD,0x003f83da9868acc151be89eefa4d19838ffe5d64,9
SPORTOKEN,SPT,0xD677Bed5adF1de76F957b108dadb280bAA8F76B5,18
OKEYCOIN,OKEY,0xC628D60B7eC7504B7482bc8a65348F3b7afCCbE0,8
Xpose,Xpose,0xcc10c8afd683c5aa86b1d170d75b555bce5a2c37,9
ENERGY COIN,ENG,0x8a505D5Cb3Db9fcf404c0A72aF3dF8Be4eFB707c,18
Inescoin,INES,0x03db11045b299b1148f73c1ad07a22e5785985bf,18
SB GROUP,SBG,0x5e95a952a7f79f978585afd54a053af0f51372fa,9
Irena USD,USDI,0x91c7ebbdcbde50559fda424dd7dc9af142b9ed58,6
SOULS OF META,SOM,0x31c573d1A50A745b01862edAf2ae72017cea036A,9
CORAI,CORAI,0x17c8c198c06f16a8db68148d9ac460f5aed029d8,18
Covid Vaccine,COVAC,0x2ADfe76173F7e7DAef1463A83BA4d06171fAc454,18
HashBit 2.0,HBIT,0xD5239b38B93b54a31B348aFaAC3edcdF9e3c546A,18
Affinity,AFNTY,0xface67c5ce2bb48c29779b0dede5360cc9ef5fd5,9
BLU,BLU,0x24dcd565ba10c64daf1e9faedb0f09a9053c6d07,18
Green Chart,GREEN,0x7403802c0FFeE2d83FB13513e23aAF4a3a9C69f0,18
Elite Swap Binance Token,ELTB,0x380291a9a8593b39f123cf39cc1cc47463330b1f,18
Pancake GAMES,GCAKE,0x61d5822dd7b3ed495108733e6550d4529480c8f6,18
808TA,808TA,0xfd93917257b33c6d64dc24f7a60982589823e0cb,18
Nemesis Wealth Projects BSC,NMS,0x8cb4fdb148d87f7ec493e69391347bdd3ff1163f,18
PizzaSwap,PIZZA,0x2cc26dd730f548dc4ac291ae7d84a0c96980d2cb,18
Moonlift,MLTPX,0x9d7c580e0bc4ea441db96eebc7e1440d264bce51,18
TTX METAVERSE,XMETA,0x9aaB0A9B3A2F7cF669f1385c48e0a063B93834bB,18
BOJI,BOJI,0xfE11F9E474cE9BDb4eFD15f0038634c70586fED0,9
SiaCashCoin,SCC,0xc26EaFC627624baDf990f8d30116892eD204DB51,18
Mybu,MYOBU,0x4ef06d1a55962f29d362c53c864a4f0c791dcb9e,9
TORG,TORG,0xcea59dce6a6d73a24e6d6944cfabc330814c098a,18
SHIRO INU,SHIR,0x4ddba615a7f6ee612d3a23c6882b698dfbbef7e7,18
Froggies Token,FRGST,0x440758df68a045db3f2517257f27330a12438656,18
myMessage,MESA,0xb192d5fc358d35194282a1a06814aba006198010,18
AI Floki,AIFLOKI,0x0cD5C0e24A29225b2e0EAe25C3aB8f62EF70Df9D,9
OREO,ORE,0x93d5a19a993d195cfc75acdd736a994428290a59,10
Ltradex,LTEX,0xBcB3ac7a3ceB2d0C5E162A03901d6D7bb8602912,18
XEN Crypto,bXEN,0x2AB0e9e4eE70FFf1fB9D67031E44F6410170d00e,18
Mainstream For The Underground,MFTU,0xd399359683c1cd5267f611261ede08f22ce9729f,18
WIKI CAT,WKC,0x6ec90334d89dbdc89e08a133271be3d104128edb,18
WEB3 Inu,WEB3,0xd0c4bc1b89bbd105eecb7eba3f13e7648c0de38f,9
Wall Street Ninja,WSN,0x7fa4cd8aeedcb8d36dbc5d856e3a1bee490d7b36,18
ElonDoge,EDOGE,0x163f182c32d24a09d91eb75820cde9fd5832b329,9
BabyFlokiCoin,BabyFlokiCoin,0x808fac147a9c02723d0be300ac4753eaf93c0e1f,9
Galaxy Heroes,GHC,0x9Cb9478C5Db5dAe52D5Af91737FF706F60195e45,18
HUP.LIFE,HUP,0x375a7b6a6f74a5acb86c420c53c4ce8cf1d51b4d,9
Tokyo AU Token,TOKAU,0xc409ec8a33f31437ed753c82eed3c5f16d6d7e22,18
Baby Bitcoin,BBTC,0x5b0dfe077b16479715c9838eb644892008abbfe6,9
Waifer,WAIF,0x72EF0CF8dC02fE91150a2472CC551DE929e22FaC,18
Frz solar system,Frzss,0xaC41Fb8013c0B63588fC63997785A5d79E73eb28,18
RYOSHI TOKEN (V2),RYOSHI,0xB350aEBAEDB1eD3269b0E25D5E593a9bB4b9f9d5,18
FEGtoken,FEG,0xacfc95585d80ab62f67a14c566c1b7a49fe91167,9
Baby Floki Billionaire,BabyFB,0x112fbe7f60329e9e2d232008e56f94d1582ae3bc,9
TWITTER CEO FLOKI,FLOKICEO,0x073d31b72e5444e6f00e24d31f66f100dee40e74,18
Jerry Inu,JERRY,0xdd6978F36c98AfF4287E5ac803C9CF1b865641F6,9
Pepa Inu,PEPA,0xC3137c696796D69F783CD0Be4aB4bB96814234Aa,9
CATCEO,CATCEO,0x4937e7D93dd8d8e76Eb83659F109Cdc633FfDEe9,9
Talkado,TALK,0x7606267A4bfff2c5010c92924348C3e4221955f2,9
DOGEZILLA,DOGEZILLA,0x1B8a125c286408E71d2AF5a731Ee05c6B93547F4,9
(Wormhole),,0x75344e5693ed5ecadf4f292ffeb866c2cf8afcf1,6
(Wormhole),,0x12beffdcecb547640dc30e1495e4b9cdc21922b4,6
(Wormhole),,0x49d5cc521f75e13fa8eb4e89e9d381352c897c96,6
(Wormhole),,0x91ca579b0d47e5cfd5d0862c21d5659d39c8ecf0,6
(Wormhole),,0x13b6a55662f6591f8b8408af1c73b017e32eedb8,6
(Wormhole),,0xfa54ff1a158b5189ebba6ae130ced6bbd3aea76e,9
8PAY Network,any8PAY,0xd6E6513f1C449FBAf3B527456a3f7ECc729b63cD,18
ACryptoS,anyACS,0xd2435625c901dc9b4f76d4af3d8e1d353aa7c428,18
AirNFT Token,anyAIRT,0xd0975664b2c276520722560ef7bda3e6ad4a734b,18
ALICE,anyALICE,0x84a5d1d7b78810512357c1ebd252447acc91d77e,6
AlpacaToken,anyALPACA,0x3222b546981ca597842cb271138e26ea1afab44a,18
AlphaDEX,anyROAR,0x3a218d024f452caac91fcfa39ba524e0bdfe9ec0,18
AlphaToken,anyALPHA,0x64B84d2eAb43109220C84E0b163fb073Fe125223,18
Alta Finance,anyALTA,0xbdf5680cc6b9e7355d24575e59e764b21d6cf7bf,18
AmpleSwap Token,AMPLE,0x335f6e0e804b70a96bf9eb8af31588942e9b2515,18
Anchor Terra USD (Wormhole),aUST,0x8b04e56a8cd5f4d465b784ccf564899f30aaf88c,6
AnchorSwap Token,ANCHOR,0x4aac18de824ec1b553dbf342829834e4ff3f7a9f,18
Anime,anyANI,0x4c3a7c3bcc3d5bdf19b1e0d7d3a164b7cbd598ea,18
Ankr,anyANKR,0x14834532cd1aaaca7d271a4d419dcbda0b64f630,18
Annex,anyANN,0x6043c1600cf0a9c66fc0626b36b4e1e4d59098ba,18
anyBitANT,anyBitANT,0xe60988bfb3c4669FCa76FC466D6cfFAFE11D2B6E,18
Anyswap Adapter Impossible Decentralized Access Token,AnyIDIA,0x35Bc8F36AB08fC1B484D4c921a6F3b3c75E6d15D,18
ApeSwapFinance Banana,anyBANANA,0xb52da8102e715d5E220aaE2eF58E9F978fCdEB3F,18
ARRANO,ANDX,0xb63a911ae7dc40510e7bb552b7fcb94c198bbe2d,5
ARTH Valuecoin (BSC),anyARTH.bsc,0x41a4C52925cAE8Ec45292113B5934e902f920fCD,18
Asian Fintech,anyAfin,0x51634caff769b4a04d9b40e06198a4c451f896b5,18
ASPOToken,anyASPO,0xa778505c0c3a71da2820332eda82005b2c13b27b,18
Atlantis,anyATL,0xaa6c3d37760039264186d919d7a64a93cd3a6984,18
Aurory (Wormhole),AURY,0xf5a367b7809e5683538c93ce638b9258a0b88271,9
Aurox Token,anyURUS,0xb2c7a198be3345d554043f6b875e254cb2034219,18
AUTOv2,anyAUTO,0xdae0e692805350d738202e0a7d8136da3e9078d9,18
Axelar Wrapped USDC,axlUSDC,0x4268b8f0b87b6eae5d897996e6b845ddbd99adf3,6
Axie Infinity Shard (Wormhole),AXS,0x556b60c53fbc1518ad17e03d52e47368dd4d81b3,18
Baby Doge Coin,anyBabyDoge,0xf9d051603fa3a69967e93c5b506ccf0292ccd849,9
Balance Network,BLN,0xE90334c19c798C3A18d81b8cd16594247D5B19dd,18
Basic Attention Token (Wormhole),BAT,0x31C78f583ed0288D67b2b80Dc5C443Bc3b15C661,18
Bat True Dollar,anyBTD,0xBD87fa704D5Ab65E9a189D6e0dbaaDe51643adf0,18
Bear Network,BRNKC,0x2a388e6b2c757c013f7e6dcddaf701d6c0af14ae,18
beefy.finance,anyBIFI,0x1AB7De6ac4ef91EA4F10fabE444B9a2E727EC89B,18
BelugaToken,anyBELUGA,0x323ba4181ed3d7a7e267330c27c176a006f91313,18
BENQI,QI,0x8729438eb15e2c8b576fcc6aecda6a148776c0f5,18
BENQI,anyQI,0x3c48d39479c4e34657aa141543c56bf340967de8,18
Beta Token,anyBETA,0x32Df1BC949d51BEc5ff63CFD1D1fd9A11751C8b0,18
BetSwirl v2,BETS,0x94025780a1ab58868d9b2dbbb775f44b32e8e6e5,18
Billion Happiness,anyBHC,0x60E29a5e0c1d84EB48FaDD862ab7fcD550DaFa09,18
Binance,anyBNB,0xf9A2462Daf87ED43D5449cb4B9f6E4213F980271,18
Binance,anyBNB,0x49974c3c99f4e74d08845c31d3f4f16fdc264ebd,18
Binance USD (Wormhole),BUSD,0x035de3679e692c471072d1a09beb9298fbb2bd31,18
Binance Wrapped MVL,anybMVL,0x2cbff5a1b0c34791fb96d89467798b4e6f755e34,18
Binance-Peg Avalanche Token,anyAVAX,0x3ac92ff3c5bf439a87b26741ac6db1793ba1b025,18
Binance-Peg BSC-USD,anyUSDT,0xedf0c420bc3b92b961c6ec411cc810ca81f5f21a,18
Binance-Peg BSC-USD,anyBSC-USD,0x58340a102534080b9d3175f868aea9f6af986dd9,18
Binance-Peg BTCB Token,anyBTCB,0x0653553e574657410d41ce758db36617f409b6c5,18
Binance-Peg BTCB Token,anyBTCB,0x10b620a6e3182850c005f0bcbd9a56e9121d8c62,18
Binance-Peg BUSD Token,anyBUSD,0xab7efd5333f5a636488cda6f8c1b5a128977ab93,18
Binance-Peg ChainLink Token,anyLINK,0x83fc51a3a35d3e2a2c42003df964294062f505a2,18
Binance-Peg Dai Token,anyDAI,0x1282911d3600b202698997f61f46379db3b9f01e,18
Binance-Peg Ethereum Token,anyETH,0x0230219b25395f14b84cf4dcd987e2daf5a71e4b,18
Binance-Peg Ethereum Token,anyETH,0xdebb1d6a2196f2335ad51fbde7ca587205889360,18
Binance-Peg IDEX Token,anyIDEX,0x051048fda2c88e1bed3af811fa3dcd10ddd350a0,18
Binance-Peg USD Coin,anyUSDC,0xab6290bBd5C2d26881E8A7a10bC98552B9082E7f,18
BitnouCoin,BNOU,0xE89200d1b9d0C50BA637C71F0f1Af3CB0aD2E78F,18
Bitrise Token,anyBRISE,0xc53df2c74929f6afab07e96aea4561464dd6486b,9
Blocksport Token,anyBSPT,0x6aeec4b23aa51442e613e5023dafa5c9de2dfe95,18
BOHR,anyBR,0x693e3F585F7D6e57648c31967f34585Fa3e419f1,6
BRZ Token,anyBRZ,0x7B9255953B7C39D46DadcEe91Ab17D9434f96a05,4
BSC Conflux,anybCFX,0x994Cd2BFdeBA7663fB561948Ae85882AB9E4F20c,18
BSC Wrapped Jupiter,anybwJUP,0xD31228D81b2b295E18EA1ad4Cd4e25dA0aFE1e4C,18
BUSD Token,anyBUSD,0xCdF2C63d05a62898A6B86850C9D06E0621f9977F,18
CAR,CAR,0x176a25637e5078519230a4d80a7a47350940264a,18
Cardano Token,anyADA,0xab883fca554233129e927fd398a8f2083713c234,18
Cars,CARS,0x1228Fb5eF4C98CaBd696Ba1BD4819e050389D21A,6
Cartesi Token,anyCTSI,0x4b6f0494b08d6f387b392cb9f56539b238de3367,18
Catjam,CATJAM,0xa8c5cebb7a098f1ee30014984201036a92893ca7,9
Chainport.io-Peg Fear NFTs,anyFEAR,0xd95f99d6e5527eeb35eba9e024900ee7f8eaeafc,18
Charge,anyCharge,0x7ABba96651d668fd8e44d7cD7872F5b794b5e93B,18
CherrySwapToken,anyCHE,0x2ba9288c577C04Cd1A5770810a9D4DCbb5EcB464,18
Chi Gastoken by 1inch,CHI,0x0000000000004946c0e9f43f4dee607b0ef1fa1c,0
Chirpley Token,CHRP,0xeD00Fc7D48B57B81FE65D1cE71c0985e4CF442CB,18
citizen finance,anyCIFI,0x59d66751efF67D7150196B4086AfCc0313163026,18
CK Finance,anyCK,0xD8dbc29C651E0571d8c1E1b5F9c1D68D5fa4D752,0
Clover,anyCLV,0x845AB325E3E4EC379c68047313d66bBd631e59A9,18
Coin of the champions,anyCOC,0x9d8be3c08c97e92f76a546ca217836b0dd56aa78,18
Coin98,anyC98,0xa8752333f6a6fe47323a4edac3d09bb1048a0e23,18
Coinary Token,anyCYT,0xeac7ec051a0854cfc2bb543c96fad879de545b90,18
CorgiToken,anyCOR,0xc232e3741660f097515fc46c3d65a9f56adda6fb,18
Cowboy Snake,anyCOWS,0x2ffb752b867415b57f8bc07ce4f70cac26b7300d,18
CrazyBunny,CrazyBunny,0x48Ed9372169eF0bf2B901bBe45E52b6A6b8f1ecC,9
Cream AlphaToken,crALPHA,0x264bc4ea2f45cf6331ad6c3ac8d7257cf487fcbc,8
Cream Band Protocol Token,crBAND,0x738f3810b3da0f3e6dc8c689d0d72f3b4992c43b,8
Cream Binance USD,crBUSD,0x2Bc4eb013DDee29D37920938B96d353171289B7C,8
Cream Bitcoin Cash Token,crBCH,0xcb87cee8c77cdfd310fb3c58ff72e688d46f90b1,8
Cream BNB,crBNB,0x1ffe17b99b439be0afc831239ddecda2a790ff3a,8
Cream BTCB Token,crBTCB,0x11883cdea6bab720092791cc89affa54428ce069,8
Cream Cardano Token,crADA,0x81c15d3e956e55e77e1f3f257f0a65bd2725fc55,8
Cream ChainLink Token,crLINK,0x3942936782d788ce69155f776a51a5f1c9dd9b22,8
Cream Cosmos Token,crATOM,0x0e9d900c884964dc4b26db96ba113825b1a09baa,8
Cream Cream,crCREAM,0x426d6d53187be3288fe37f214e3f6901d8145b62,8
Cream Dai Token,crDAI,0x9095e8d707e40982affce41c61c10895157a1b22,8
Cream EOS Token,crEOS,0x19ee64850862cfd234e20c0db4eda286f12ec907,8
Cream Ethereum Token,crETH,0xb31f5d117541825d6692c10e4357008edf3e2bcd,8
Cream Filecoin,crFIL,0x1af8c1c3ad36a041cb6678fed86b1e095004fd16,8
Cream Litecoin Token,crLTC,0x8cc7e2a6de999758499658bb702143fd025e09b2,8
Cream Polkadot Token,crDOT,0x53d88d2ffdbe71e81d95b08ae0ca49d0c4a8515f,8
Cream Tether USD,crUSDT,0xef6d459fe81c3ed53d292c936b2df5a8084975de,8
Cream Tezos Token,crXTZ,0xe692714717a89e4f2ab89dd17d8dddd7bb52de8e,8
Cream Trust Wallet,crTWT,0x2d3bfadf9bc94e3ab796029a030e863f1898aa06,8
Cream Uniswap,crUNI,0x3b0be453a4008ebc2edd457e7bd355f1c5469d68,8
Cream USD Coin,crUSDC,0xd83c88db3a6ca4a32fff1603b0f7ddce01f5f727,8
Cream XRP,crXRP,0xaa46e2c21b7763a73db48e9b318899253e66e20c,8
Cream YFI,crYFI,0xea466cd2583a0290b9e7b987a769a7eb468fb0a5,8
Crox Token,anyCROX,0x5eFf9315E6b24E3dc268f65E93Bac8af28d03063,18
Cryptonovae,anyYAE,0x26519efc30494c20f435819910062a607e0630a6,18
Curate,anyXCUR,0x250c30A63374a613eD14a0e4D7bD7d14abAb8fbF,8
Curate on BSC,XCUR,0x708c671aa997da536869b50b6c67fa0c32ce80b2,8
Dai Stablecoin (Wormhole),DAI,0x3413a030ef81a3dd5a302f4b4d11d911e12ed337,18
Dai Token,anyDAI,0x16316aB20088b133626fFdaa37a53876099cBD44,18
DAPPSY,anyAPP,0xEA565EcFDDb298F88186692429173781aC176d53,8
Decentralized USD,anyUSDD,0xcf799767d366d789e8B446981C2D578E241fa25c,18
DEFINA TOKEN,anyFINA,0x4699fb07df635bae3fa370d9f5f69b9857d49990,18
DEI,anyDEI,0x0116a8fc7500af82c528f5fb069a84080117482e,18
DELOT.IO,anyDELOT,0x2B6864600d470D2B743B1A6693cB486121889942,18
Demodyfi Token,anyDMOD,0x6f1bc0967945465539877b39ba48373b0219248f,18
DEUS,anyDEUS,0xc0dd739c4a190a45c91ed3ec587b1f3fc4d31ba6,18
Dexsport Protocol Native Token,anyDESU,0xEF5c4F92209a5Cb59D7b3F949f1bAFBE7d844342,18
dForce ADA,iADA,0xfc5bb1e8c29b100ef8f12773f972477bcab68862,18
dForce Amazon Stock,xAMZN,0x0326da9e3fa36f946cfdc87e59d24b45cbe4aad0,18
dForce Apple Stock,xAAPL,0x70d1d7cdec24b16942669a5ffeada8527b744502,18
dForce ATOM,iATOM,0x55012ad2f0a50195aef44f403536df2465009ef7,18
dForce BTC,ixBTC,0x219b850993ade4f44e24e6cac403a9a40f1d3d2e,18
dForce BTC,iBTC,0x0b66a250dadf3237ddb38d485082a7bfe400356e,18
dForce BTC,xBTC,0x20ecc92f0a33e16e8cf0417dfc3f586cf597f3a9,18
dForce BUSD,iBUSD,0x5511b64ae77452c7130670c79298dec978204a47,18
dForce Coinbase Stock,xCOIN,0x3d9a9ed8a28a64827a684cee3aa499da1824bf6c,18
dForce DAI,iDAI,0xad5ec11426970c32da48f58c92b1039bc50e5492,18
dForce DOT,iDOT,0x9ab060ba568b86848bf19577226184db6192725b,18
dForce ETH,ixETH,0xf649e651afe5f05ae5ba493fa34f44dfeadfe05d,18
dForce ETH,iETH,0x390bf37355e9df6ea2e16eed5686886da6f47669,18
dForce ETH,xETH,0x463e3d1e01d048fdf872710f7f3745b5cdf50d0e,18
dForce EUR,iEUX,0x983a727aa3491ab251780a13acb5e876d3f2b1d8,18
dForce EUR,EUX,0x367c17d19fcd0f7746764455497d63c8e8b2bba3,18
dForce FIL,iFIL,0xd739a569ec254d6a20ecf029f024816be58fb810,18
dForce GOLDx,iGOLDx,0xc35acaeedb814f42b2214378d8950f8555b2d670,18
dForce Tesla Stock,xTSLA,0xf21259b517d307f0df8ff3d3f53cf1674ebeafe8,18
dForce UNI,iUNI,0xee9099c1318cf960651b3196747640eb84b8806b,18
dForce USD,iUSX,0x7b933e1c1f44be9fb111d87501baada7c8518abe,18
dForce USD,USX,0xb5102cee1528ce2c760893034a4603663495fd72,18
dForce USDC,iUSDC,0xaf9c10b341f55465e8785f0f81dbb52a9bfe005d,18
dForce USDT,iUSDT,0x0bf8c72d618b5d46b055165e21d661400008fa0f,18
dibs.money,anyDIBS,0x33E4Cd013Fcad9de00A1B12E8Ae9dFeA2342e4eb,18
Dinosaur Eggs Token,anyDSG,0xf2E28bb41aD0172217d0d219D9bEDA478467B9CA,18
Dogecoin,anyDOGE,0x57F3FEe2cfa3769fD25E3774Eb514FACe7C70BEb,8
Dogecoin,anyDOGE,0x6b0c81a800054a661a6062261c13cf16dbd2cd8f,8
DoYourTip,DYT,0x740623d2c797b7d8d1ecb98e9b4afcf99ec31e14,18
Duet Governance Token,anyDUET,0x1f9cE5AC8bEfa74Bfa614Ae22Ffc0fdD1e06827e,18
DxSale.Network,anySALE,0xB969792E669B92E2e6D33441A0C6cAF3AEe1d01d,18
Education,anyLEDU,0xe5b834d5086564de95ec6ce390605186a7732439,8
Empire Capital Token,ECC,0xC84D8d03aA41EF941721A4D77b24bB44D7C7Ac55,9
Energyfi Token,anyEFT,0x6c784028670359B5c590cdB1c096Ef275db26788,18
ethbox Token,anyEBOX,0x49a42bb2edbd857f5bcf7f685ea068880a6c1f4b,18
Ethereum Classic,ETC,0x46a531fe4bf0728b00a5ce09291091e630e83431,18
Euler Tools,EULER,0xc7190522df188816736cf62fe11ae619ca1cf73c,18
Everex,anyEVX,0x51138ef0dc9de2a03aaafa95f69924302b49a5fb,18
ExzoCoin 2.0,anyEXZO,0x4B6E3a07335ab6558b7C5251601A18096944F665,9
FABWELT,anyWELT,0x4fee8628787d450154b4efef48d8e495201aa0f3,18
FAME MMA,anyFAME,0x958d48293b4df8f9722273bf1ca90cc2236e1b6d,18
Fanadise,anyFAN,0xc19b327b51227550a28e09a94bce23ea1e5abe00,18
Fantom,anyFTM,0xd3a33b8222ba7b25a0ea2a6ddcda237c154046af,18
FC Porto Fan Token,PORTO,0x49f2145d6366099e13b10fbf80646c0f377ee7f6,8
Feeder.finance,anyFEED,0x657c620fee04a225e57822606c357d21663d507c,18
FevrToken,anyFEVR,0xe3f1d843dde0748fa370879536cb6877a7ff9db3,18
FLOKI,anyFLOKI,0xb83003f7fe62870e2e9ed57323ed02630d971525,9
Floshin,Floshin,0x9a6fed601a11290500f8d76153c33cc254e9f6d0,18
Fomotion,FOMO,0x329016b785f138cd931c673ea59d0113526321d4,9
Frax,anyFRAX,0xdd03dbed9abdb125f1bdd465caadbefdff4f7524,18
Froyo,anyFroyo,0xbc70a08ece842698dd89dd7fc8767fc962e4533b,18
fry.KetchupV2,KHP,0x15B3d410fCd0d695E1bbe4F717F8E1B6D0Fb2D0C,18
FTT (Wormhole),FTX Token,0x49ba054b9664e99ac335667a917c63bb94332e84,18
Fuse Token on BSC,anyFUSE,0x43242138833e8d360e84920462a483eb9e35c8b4,18
Galaxy Heroes,anyGHC,0xCF21F436e86A978863Aca38e845f00Af61c5ad09,18
GAMER,anyGMR,0x9529366CA0d697AF36e25A094aDa8d2515d51F64,18
Gami Token,anyGAMI,0x9c8a7a2b154e3999c7c3774b662dcdd6580b3722,18
GemGuardian,anyGEMG,0x92fe6753bA36Ba74200f3F2c9A3B5a58eC02d049,18
GemUni,anyGENI,0x795A7dF2f22bfc2633a04799915b5fE54E7D9E65,18
Glimpse,anyGLMS,0xc780beB413Dc5CBf23b016Ca835AF56E7711a060,18
Green Metaverse Token,anyGMT,0xE9930602f0F27bB72be520513E111b33CBACd084,8
Grove Token,GVR,0xaFb64E73dEf6fAa8B6Ef9a6fb7312d5C4C15ebDB,18
Guardian,anyGUARD,0xcdd28a3033a6dc1472a1403156b426905bf127ba,18
HADO,anyHDO,0xB247A33e8201586a06f564b603759Df7990e744D,9
HappinessToken,HPS,0xeda21b525ac789eab1a08ef2404dd8505ffb973d,18
Harmony Launcher,anyHARL,0x1f38620F555a4725c2e27d34A175e4f97a32B3ac,18
Health Potion,anyHEP,0x03Ee4919bF3cfb9B0362E17f739F8c2973616a86,0
Hector,anyHEC,0xe98803E5cE78Cf8AAD43267d9852A4057423Cb1d,9
HerityNetwork,anyHER,0xCC1F1cbf22293CD906F9E7C4419FBbCDe9BD8148,9
Hodooi.com Token,anyHOD,0xa0eda2d19211d108772711a3698c69f79673aec8,18
HYVE,anyHYVE,0x94977c9888f3d2fafae290d33fab4a5a598ad764,18
IDIA - Anyswap Adapter,anyIDIA,0xf4f8b87da4244da566c4b5dcce7f8933505c1871,18
Inflation Adjusted Spice USD,anyiUSDS,0xfb32F9581148E588BF92a91A15FDCbC65A68e4c9,18
InnovativeBioresearchCoin,INNBC,0xdf1f0026374d4bcc490be5e316963cf6df2fff19,6
JARVIS,JARVIS,0x644c545703f57a4b905f4c558f52342a206e2c55,18
Jarvis Synthetic Brazilian Real,jBRL,0x316622977073BBC3dF32E7d2A9B3c77596a0a603,18
Jarvis Synthetic British Pound,jGBP,0x048E9b1ddF9EBbb224812372280e94Ccac443f9e,18
Jarvis Synthetic Euro,anyjEUR,0x1ad411be31cba244d0ff981a8c50cdd92002afd9,18
Jarvis Synthetic Mexican Peso,jMXN,0x47b19Af93d0bC33805269Af02B5CA953Aa145127,18
Jarvis Synthetic South African Rand,jZAR,0x6B8b9AE0627a7622c593A1696859ca753c61A670,18
Jarvis Synthetic Swiss Franc,jCHF,0x7c869b5A294b1314E985283d01C702B62224a05f,18
JulSwap,JulD,0x5a41f637c3f7553dba6ddc2d3ca92641096577ea,18
Kalmar Token,anyKALM,0xcf0e74d4256d3ea96dd294ff194a1915595e74d6,18
Kangal,anybKANGAL,0x56501b0b12ee9518c2991451bbc8d7f9267949d2,18
KardiaChain Token,anyKAI,0x01A4229adC327220209A6d9a4842da27098C6ed1,18
Kripton,anyLPK,0x9833c643f387ecfb76aa8114546ad524703c66fb,18
Kripton Black,LPKB,0x659becf35503e91baa27b8427c45a31e5b38fcd1,18
Kripton Mobile,LPKM,0xc243cd73b1fb5028091db1881260d50699621d5c,18
Kripton P,LPKP,0xd1a10ec19f1097c82429c47b3ca75d03ff71f708,18
Kripton Q,LPKQ,0xa2471ffabceeee85a9226c24a95765335d26b4ee,18
Kripton T,LPKT,0x620dad0e66b20db8016c8730fbfff812263dba4a,18
Kripton X,LPKX,0x15b05286eb1756434df34439ae456885462407c6,18
Kripton Y,LPKY,0xe1455634ad0c067e8bd8ca7f6af79ae05d8a96fb,18
Kripton Z,LPKZ,0xc842dadf99d61ba5cf4a98f0d380acc4f89dc0e6,18
Kyber Network Crystal,anyKNC,0x5650C49D662cb83666aB0FAD224453B603179D2A,18
L3USD,L3USD,0xDEa12C8C23994EA2D88eD99eE1bdc0FF56f7F9d1,18
Ledgity,anyLTY,0x158335c10d3eee1c5db5a302ab972022f3e59040,18
LEND,LEND,0xe4d242194757584423338d4678e7d1d2558d59f0,18
LeonicornSwap,LEONS,0x8303a44c770c666b8a45eebab0879c1a880d39e7,18
Lido DAO Token (Wormhole),LDO,0x986854779804799c1d68867f5e03e601e781e41b,18
Liquidus,anyLIQ,0x4b106b91c5fe4ae933cda197b9caf91a07bdae15,18
Lovelace,anyLACE,0xccb24022c573b6c3877bf9eb19716c037b11d9eb,18
LUNA (Wormhole),LUNA,0x156ab3346823b651294766e23e6cf87254d68962,6
Lunar,LNR,0xb9abeB2e1256120aB085cE99803689a85Aa230f7,18
Lunar,LNR,0x9D4451151A8dE5B545a1bC6c8fdEB9d94a2868e1,9
LUNCHero,LCH,0x332b6fa6822e9f6ad9f75c7b6c7765f01e128f72,18
MagicCraft,anyMCRT,0xe409679a90aba847922682798757c8be8dc54c15,9
MahaDAO,anyMAHA,0x514f696af215a33bc9856cd39bb4b3f7c04db690,18
Mainstream For The Underground,anyMFTU,0x98d939325313ae0129c377b3eabdf39188b38760,18
MANUFACTORY,anyMNFT,0x385ff2b2fc61164604c5bdc708ccff611fe9c42d,18
Marlin POND,anyPOND,0x204d3d2bbbf39a7bb85a00dd45fb0d2fe57a660b,18
Matic Token,anyMATIC,0xbf731bfa03e0095a2039e7e4c3b466efb7f3ec4e,18
MemeForce,any$MF,0xc05b9aBA543dC4f1c19Cdd73753d77f8cc75097d,18
Meta Interstellar Token,anyMIT,0x85D4C747da02ec4fC8d6B8DA6f2A59ea91f7A460,18
MetaShooter,anyMHUNT,0x70d9B7457c713019F5B9c99BF73fd42084555630,18
MetaSoccer Universe,anyMSU,0x6da1dce036e5ca4318fbc7e7fc4234020ef8841e,18
Metavill.io,MV,0x828Fad4e54D8B7ceC40b220ff96C91A52D1c26b2,18
Milk Protocol,MILK,0x8e9f5173e16ff93f81579d73a7f9723324d6b6af,18
Minato,anyMNTO,0xf207dBe40068c4F071E731Ad1720f1c763fb42d1,18
Modefi,anyMOD,0x22e7f79c547d676baf561032bf64d51d6ceb5f3f,18
Moeda SEEDS,SEEDS,0xefb94d158206dfa5cb8c30950001713106440928,18
moon verse,MOON,0xa5a76b68cd3ad967d1b51d47ce104b85f9266686,18
Moonpot,anyPOTS,0x865109a3eb981b2be9f66cbbc78653ba09e79128,18
Multichain BTC,multiBTC,0xD9907fcDa91aC644F70477B8fC1607ad15b2D7A8,8
Multiverse Capital (MVC.finance),anyMVC,0x9B3A299a3Db37c662aB9d39CbfEdaCB81C0e09E3,18
myMessage,anyMESA,0x886f85a6da6c7806125004b2e1fd53ec82398bea,18
Mybu,anyMYOBU,0x5003c91913944f9a0ae82c729508808b3f7c7c7e,9
NanoByte Token,anyNBT,0xd7008fe6577a8c4c4c995359e157480e36b8c710,18
NapoleonX Token,anyNPXB,0x2bfdf2adc0e8f738c4a1bca25c5c1d36072eba31,18
NEAR PROTOCOL,NEAR,0xa6623d7f0CD2F06d0C1306FE6E6fA1441c374090,18
NevaCoin,NEVA,0xe7498f332c35a346b486f3f6a68f05934e92a228,18
NEXTYPE,anyNT,0xd6403c6318a87bc7dd5ba242e120f3ca878df98f,18
NFTArt.Finance,anyNFTART,0xb2ea25cd1912fd85f815088ea5f89f19f708ec62,9
NFTmall GEM Token,anyGEM,0x54511C749f5AF298FC7E5fFC9779280F104028e3,18
NFTY Token,anyNFTY,0x860ea5712db042de011c4ffb2789bdcb2bff9828,18
NUM Token [via ChainPort.io],anyNUM,0x2a21bfa388693b3cd3de6045793baffc6c24dcda,18
NuNet Utility Token,anyNTX,0x0aa473BdF86233b7F9224Ffaead25b1ed182279C,6
OddzToken,anyODDZ,0x4ea6f39c719d3a77ce2e5b913312cf2999e6d19d,18
OddzToken,anySKILL,0xb027C02aff109a545e4CE4fDC08B9597030C4eF6,18
Onebit Ventures,ONB,0x11e4b93d18abfa244547fd4d0caa008c7ca6b436,18
Onino,anyONI,0xcf3ddd04360811187bdc158dcc622d817384fe9f,18
OpenWorld,anyOPEN,0xc3A134D42d93F3168931C0e4ac3Ed8aB7096267f,18
Optimus,anyOPT,0xf5c5033b9f9609a067581f014211d9f30f8c024d,9
Orion Money Token (Wormhole),ORION,0x3dcb18569425930954feb191122e574b87f66abd,18
OVR,anyOVR,0x2F4A4fDCF8c77d63c2c967C07A61Bdf8992c3c50,18
Pancake GAMES,anyGCAKE,0xe77b2e0347cc910d7ad9dc1a8f97108c825cf81f,18
Pawthereum,anyPAWTH,0xc90c592677a58e3af3af0e36635be22b76d92d45,9
Pendle,PENDLE,0xb3ed0a426155b79b898849803e3b36552f7ed507,18
Peri Finance Token,anyPERI,0x2244faab5a2a633cb7f6e3d35e7db8ec0136d3e2,18
Perlin,PERL,0x0f9e4d49f25de22c2202af916b681fbb3790497b,18
Pink Token,anyPINK,0xb097e83211d896650ed0104da3309d3654416bc0,18
Plunge,anyPLG,0x46DCB8FB3022652B1980F1ffaEAf2bb2104bE09C,18
Poken,anyPKN,0x6362c3aC9713008B79DEb0EE361F1f6F57037694,18
Polaris,anyPOLAR,0xA2b0217943F826ba3cE0753316E0d78FC50fD581,18
PolyGod,anyGULL,0xE2476EC3a5954E717a1ED3b35296011aF07DA71A,18
PolysportsToken,anyPS1,0xB0e94FEaDC03f489C4503101ea06EA9C5EeAf7a4,18
Premia,anyPREMIA,0x9A8E7727b9733b194339DFD8F923B45B60D0FC3A,18
Propel,anyPROPEL,0x5B641728c9f1E544fb3c9f16a19AA7916F75fd44,18
Protocol X,anyPX,0x1024Fb39d9938D3b028E940B95c84a326cD57A58,18
pTokens ORE [via ChainPort.io],anyORE,0xE44108cA708a5016131f5FE82581e789cb4Eaf96,18
pTokens TLOS,anyTLOS,0x7f102dbb31b41e359a05b2291bb71d8efcdaeacd,18
QiDao,anyQI,0x02a5aD4597F7A090148eD209E022555eC2AFDbC7,18
QUINT,anyQUINT,0x951fcfb095a45b34c5fd9f7d9af4a232eff62b8d,18
Rabbit Coin,anyRABBIT,0x2fB886aAf51764AE175f80E49CD10E90d446E8a9,18
Radio Caca V2,anyRACA,0xe6de9f70d5a4ec9da52ce35f449794eba826de72,18
RadioShack Token,anyRADIO,0xb139eD4143BCEb793346020453Ab1F9d886BD294,18
Rangers Protocol Gas,anyRPG,0xaf2D1C5374Ee99b167dD8567F2819C7567f1F1a0,18
Reference System for DeFi,anyRSD,0x5329B989B69F3C46b5e6868619ee390757b7C5bb,18
Rikkei Finance,anyRIFI,0xf532C0174e30823aCaAf01C2652862E25f268264,18
Robust Reward,RBW,0x4cc23264e1ef8dd8173e4ec07e6a01cc7476d997,18
RYOSHI TOKEN,anyRYOSHI,0x91648237a47585242f1f8ad10e84dd03fa95ec4e,9
SAFE ZONE V2,anySAFU,0x55BfA96dF825FA4FFBb8288ce751e09389b1A48A,9
SafeBLAST,anyBLAST,0x1dd20779c8facd5a60680c3f423137ca18155e47,9
Scallop,anySCLP,0x3da9769665849bd67139cf67735445deea16340d,18
Scorefam,anySFT,0x0EbdDB1EF6d508b89BFd62B26D162c13F05BE477,8
Serum (Wormhole),SRM,0xd63cdf02853d759831550fae7df8fffe0b317b39,6
ShareToken,anySHR,0x036BAe7F92Fc429725871D44B1A4DCdA21691f50,18
SHIBA INU (Wormhole),SHIB,0xb1547683da678f2e1f003a780143ec10af8a832b,18
Shield Protocol,SHIELD,0x60b3bc37593853c04410c4f07fe4d6748245bf77,18
Shirtum,anySHI,0x2e6Db117182bE2D2BB880a610D4AbFE4CA4CC544,18
Shopdi Token,anySHOD,0xf276f8a9ddc7ef09ec1aac4565ec4da431626a76,18
Signata,anySATA,0x1a8D54BeEd300E99E41dFc806D522eBA5AEFA034,18
Singularity Dao,anySDAO,0xd41ed5867f6b82ca64d8cb3eeba9315891c0b7c9,18
Smart Advertising Transaction Token,anySATT,0xc33211C3618A3F2b2A70152185cea469D2dAB6D4,18
SNPS Token,SNPS,0x933bCd9A03D350F040d2FE7e36d60A9C73d42EF5,18
Sologenic,anySOLO,0x3cfcd47c94f1d20ae350a5d9b5264537a89396c9,15
SOMBRA,anySMBR,0x8c4e06c8d4297448e768f91947e0643b31db08d3,9
SOOMA,SOA,0x9a30B72A793a716920cF985Fd9Ae3a3cb278C3a2,18
Space Crown,anySMCW,0x26414054e097156c58b0294a9189a34c06bb0ecb,18
Spice,anySPICE,0x250e8703097f33d4e098fbf633040c0fb83231a8,18
Spice USD,anyUSDS,0x696E96f08f9d046b0125bE299BF900F645D79AcD,18
Spintop,anySPIN,0x0F231Ae1f3aB499FdB0aDa397E344497cD0d73c1,18
Standard on xDai on BSC,xMARK,0x26a5dfab467d4f58fb266648cae769503cec9580,9
Star Atlas (Wormhole),ATLAS,0x83850d97018f665eb746fbb8f18351e977d1b0d6,8
Sun Token,SUN,0xa1e6c58d503e4eee986167f45a063853cefe08c3,18
Super Vote LAUNCH,svLAUNCH,0x8c73dc245d2626311dd28319793893460b358f3c,18
SushiToken (Wormhole),SUSHI,0x3524fd7488fdb1f4723bbc22c9cbd1bf89f46e3b,18
Switcheo Token,SWTH,0x250b211ee44459dad5cd3bca803dd6a7ecb5d46c,8
Synapse Network,anySNP,0xe408849d21646a42fd5e36cc520b26e7cdd62370,18
Tardigrades.Finance,anyTRDG,0x068002C95f033Ed7Ac19f32638a85a6f971bA11f,9
TEAsWAP.ART,anyTSA,0x2291fb9abafaad7d701f2cc26f4e89ae2ecb2b8f,18
Tech Trees Coin,anyTTC,0x9922879913c0b6c1860d45a3b9d3a6c44e3d183f,18
Teneo,anyTEN,0x9D709ca51507730Dfb8379a38c15f7F3D5A3710e,18
Tether USD (Wormhole),USDT.e,0x2b90e061a517db2bbd7e39ef7f733fd234b494ca,6
Tether USD (Wormhole),USDT,0x524bc91dc82d6b90ef29f76a3ecaabafffd490bc,6
TIP Step,TIP,0xba903c7bb8e576b626f45437d8a79ea8971ebcb9,18
TOR,anyTOR,0x80d209227cf0a64e1fcbe62c7a80b8e691f0ef4d,18
Torum,XTM,0x3f526a5a8811cc1812d923d5dbb20e4b1c6028db,18
Totem Earth Systems,anyCTZN,0x9adbbc5410a30f3d71473efe7ed5e27cb6c02e1c,18
Tree Token,TREE,0x9bd547446ea13c0c13df2c1885e1f5b019a77441,2
Trivian Token,TRIVIA,0xb465f3cb6Aba6eE375E12918387DE1eaC2301B05,3
TrueUSD,anyTUSD,0x559e9fc6a4d28d4b514f076724cb62f07ace862a,18
TTX METAVERSE,anyXMETA,0x1441e091e1247e6e6990ccb2c27169204fb04aa9,18
Tutu Token,TUTU,0x22561553d47c1f73d9934c5b9f84d4d57ae4c78e,18
TYVCOIN,TYV,0x90a8bbf934fde975555632addcb258e895c69de1,8
Umbrella,UMB,0x846F52020749715F02AEf25b5d1d65e48945649D,18
UNCL on xDai on BSC,anyUNCL,0xbb244fc91e86c5a4b9d31b2935c5bc57c034bfa1,18
UniCrypt on xDai on BSC,anyUNCX,0xe529797535426a042a79aa555334f444565d118e,18
UNIFARM Token,anyUFARM,0x3d2e9d762413cec5bf862fdb0085315dd2c4c09e,18
USD Coin (PoS) (Wormhole),USDC,0x672147dd47674757c457eb155baa382cc10705dd,6
USD Coin (Wormhole),USDC.e,0xc1f47175d96fe7c4cd5370552e5954f384e3c791,6
USD Coin (Wormhole),USDC,0xb04906e95ab5d797ada81508115611fee694c2b3,6
UST (Wormhole),UST,0x3d4350cd54aef9f9b2c29435e0fa809957b3f30a,6
Velas,anyVLX,0xa8fced5c6b791ca66faa05ceea6636d5382572fc,18
VIRSACOIN,VIR,0x297ed5337a7dd8a9661c47c4d2008540a5638ff0,18
Vita Inu,anyVINU,0xe2be59436da627be05a4ea6ccf4a4ebdcbb24d84,18
Volt Inu,VOLT,0x7f792db54B0e580Cdc755178443f0430Cf799aCa,9
WalletNow,anyWNOW,0x7A0b11230050817C0D7631e206a0F547f9348De7,18
WardenSwap Token,anyWarden,0x378dacb12e3dccca598c37325a2b32c2dc3a4ae4,18
Waterfall Governance Token,anyWTF,0xB506c06AD11fAF466F668a6CB4D1f538838E3B8E,18
WolfSafePoorPeople,anymWSPP,0x447c1c18979e71161eda8c4d0a0b9cb2d0d26ce0,18
Wootrade Network,anyWOO,0x5022a3772357a2bba192a4d93a918446492baa94,18
Wraith Protocol,anyWRAITH,0x2630c7d2104b92721357b3735412ce647a28ed8a,9
Wrapped GICT,anyWGICT,0x268074fa5255109F92b219F795adb75016f2f1bA,8
Wrapped AVAX (Wormhole),WAVAX,0x96412902aa9aff61e13f085e70d3152c6ef2a817,18
Wrapped Banano,anywBAN,0xf99FC9f2D4B9F6cc4d6e56B13C5Ae7E0030FB406,18
Wrapped Binance Beacon ETH,wBETH,0xa2e3356610840701bdf5611a53974510ae27e2e1,18
Wrapped Ether (Wormhole),WETH,0x4db5a66e937a9f4473fa95b1caf1d1e1d62e29ea,18
Wrapped Matic (Wormhole),WMATIC,0xc836d8dc361e44dbe64c4862d55ba041f88ddd39,18
Wrapped Metrix,anyMRXb,0x40642f7f80138913ca239306aa74f1acaef6b0e8,8
Wrapped ROSE (Wormhole),wROSE,0x6c6d604d3f07abe287c1a3df0281e999a83495c0,18
Xpose Protocol,XP,0x6a0b045ea1cbc87946ee6ca4d118dc0b5c152455,9
xSigma,anySIG,0xc20ff003662d9b91b4139ffa6b7c9d69968bad2c,18
YIN Finance,anyYIN,0x0aCAaBC390D7D7134eef4166F61e3e30B362f675,18
Yoshi.exchange,anyYOSHI,0x6c01361d8dbaf43b81b52da3efae7dab1b8fffe9,18
ZAP TOKEN,anyZAP,0xeb2F197B3467b02DD8F36b09B2D179c250352fF3,18
ZeroSwapToken,anyZEE,0x3ca1F50e8178A8a21Cc919E617F8fAD98a048cE9,18