Name,Symbol,Contract Address,Decimal
Tether USD,USDT,0xdac17f958d2ee523a2206206994597c13d831ec7,6
BNB,BNB,0xB8c77482e45F1F44dE1745F52C74426C631bDD52,18
USD Coin,USDC,0xa0b86991c6218b36c1d19d4a2e9eb0ce3606eb48,6
stETH,stETH,0xae7ab96520de3a18e5e111b5eaab095312d7fe84,18
TRON,TRX,0x50327c6c5a14dcade707abad2e27eb517df87ab5,6
Matic Token,MATIC,0x7d1afa7b718fb893db30a3abc0cfc608aacfebb0,18
SHIBA INU,SHIB,0x95aD61b0a150d79219dCF64E1E6Cc01f0B64C4cE,18
Theta Token,THETA,0x3883f5e181fccaf8410fa61e12b59bad963fb645,18
Wrapped TON Coin,TONCOIN,0x582d872a1b094fc48f5de31d3b73f2d9be47def1,9
Wrapped BTC,WBTC,0x2260fac5e5542a773aa44fbcfedf7c193bc2c599,8
Uniswap,UNI,0x1f9840a85d5af5bf1d1762f925bdaddc4201f984,18
Dai Stablecoin,DAI,0x6b175474e89094c44da98b954eedeac495271d0f,18
Bitfinex LEO Token,LEO,0x2af5d2ad76741191d15dfe7bf6ac92d4bd912ca3,18
ChainLink Token,LINK,0x514910771af9ca656af840dff83e8264ecf986ca,18
Binance USD,BUSD,0x4fabb145d64652a948d72533023f6e7a623c7c53,18
TrueUSD,TUSD,0x0000000000085d4780B73119b644AE5ecd22b376,18
OKB,OKB,0x75231f58b43240c9718dd58b4967c5114342a86c,18
Lido DAO Token,LDO,0x5a98fcbea516cf06857215779fd812ca3bef1b32,18
Quant,QNT,0x4a220e6096b25eadb88358cb44068a3248254675,18
Mantle,MNT,0x3c3a81e81dc49a522a592e7622a7e711c06bf354,18
Cronos Coin,CRO,0xa0b73e1ff0b80914ab6fe0444e65848c4c34450b,8
Arbitrum,ARB,0xB50721BCf8d664c30412Cfbc6cf7a15145234ad1,18
VeChain,VEN,0xd850942ef8811f2a866692a623011bde52a462c1,18
NEAR,NEAR,0x85f17cf997934a597031b2e18a9ab6ebd4b9f6a4,24
Maker,MKR,0x9f8f72aa9304c8b593d555f12ef6589cc3a579a2,18
Rocket Pool ETH,rETH,0xae78736cd615f374d3085123a210448e74fc6393,18
Graph Token,GRT,0xc944e90c64b2c07662a292be6244bdf05cda44a7,18
Staked Aave,stkAAVE,0x4da27a545c0c5b758a6ba100e3a049001de870f5,18
Frax,FRAX,0x853d955acef822db058eb8505911ed77f175b99e,18
Synthetix Network Token,SNX,0xc011a73ee8576fb46f5e1c5751ca3b9fe0af2a6f,18
SAND,SAND,0x3845badAde8e6dFF049820680d1F14bD3903a5d0,18
HEX,HEX,0x2b591e99afe9f32eaa6214f7b7629768c40eeb39,8
Decentralized USD,USDD,0x0C10bF8FcB7Bf5412187A595ab97a3609160b5c6,18
Immutable X,IMX,0xf57e7e7c23978c3caec3c3548e3d615c346e79ff,18
ApeCoin,APE,0x4d224452801aced8b2f0aebe155379bb5d594381,18
Decentraland,MANA,0x0f5d2fb29fb7d3cfee444a200298f468908cc942,18
Wrapped Decentraland MANA,wMANA,0xfd09cf7cfffa9932e33668311c4777cb9db3c9be,18
Fantom Token,FTM,0x4e15361fd6b4bb609fa63c81a2be19d873717870,18
Injective Token,INJ,0xe28b3B32B6c345A34Ff64674606124Dd5Aceca30,18
Render Token,RNDR,0x6de037ef9ad2725eb40118bb1702ebb27e4aeb24,18
Rocket Pool,RPL,0xd33526068d116ce69f19a9ee46f0bd304f21a51f,18
KuCoin Token,KCS,0xf34960d9d60be18cc1d5afc1a6f012a723a28811,6
Pax Dollar,USDP,0x8e870d67f660d95d5be530380d0ec0bd388289e1,18
Rollbit Coin,RLB,0x046eee2cc3188071c02bfc1745a6b17c656e3f3d,18
Compound Ether,cETH,0x4ddc2d193948926d02f9b1fe9e1daa0718270ed5,8
chiliZ,CHZ,0x3506424f91fd33084466f402d5d97f05f8e3b4af,18
Frax Share,FXS,0x3432b6a60d23ca0dfca7761b7ab56459d9c964d0,18
Pepe,PEPE,0x6982508145454ce325ddbe47a25d4ec3d2311933,18
Paxos Gold,PAXG,0x45804880De22913dAFE09f4980848ECE6EcbAf78,18
Tether Gold,XAUt,0x68749665ff8d2d112fa859aa293f07a622782f38,6
Frax Ether,frxETH,0x5e8422345238f34275888049021821e8e08caa1f,18
BitTorrent,BTT,0xc669928185dbce49d2230cc9b0979be6dc797957,18
HuobiToken,HT,0x6f259637dcd74c767781e37bc6133cd6a68aa161,18
Gemini dollar,GUSD,0x056fd409e1d7a124bd7017459dfea2f387b6d5cd,2
Nexo,NEXO,0xb62132e35a6c13ee1ee0f84dc5d40bad8d815206,18
dYdX,DYDX,0x92d6c1e31e14520e676a687f0a93788b716beff5,18
NXM,NXM,0xd7c49cee7e9188cca6ad8ff264c1da2e69d4cf3b,18
Compound,COMP,0xc00e94cb662c3520282e6f5717214004a7f26888,18
APENFT,NFT,0x198d14f2ad9ce69e76ea330b374de4957c3f850a,6
Staked Frax Ether,sfrxETH,0xac3e018457b222d93114458476f3e3416abbe38f,18
Compound USD Coin,cUSDC,0x39aa39c021dfbae8fac545936693ac917d5e7563,8
PancakeSwap Token,Cake,0x152649eA73beAb28c5b49B26eb48f7EAD6d4c898,18
Wootrade Network,WOO,0x4691937a7508860f876c9c0a2a617e7d9e945d4b,18
Zilliqa,ZIL,0x05f4a42e251f2d52b8ed15e9fedaacfcef1fad27,12
Illuvium,ILV,0x767fe9edc9e0df98e07454847909b5e959d7ca0e,18
BAT,BAT,0x0d8775f648430679a709e98d2b0cb6250d2887ef,18
1INCH Token,1INCH,0x111111111117dc0aa78b770fa6a738034120c302,18
Gnosis,GNO,0x6810e776880c02933d47db1b9fc05908e5386b96,18
MX Token,MX,0x11eef04c884e24d9b7b4760e7476d06ddf797f36,18
EnjinCoin,ENJ,0xf629cbd94d3791c9250152bd8dfbdf380e2a3b9c,18
Huobi BTC,HBTC,0x0316EB71485b0Ab14103307bf65a021042c6d380,18
LoopringCoin V2,LRC,0xbbbbca6a901c926f240b89eacb641d8aec7aeafd,18
MCO,MCO,0xb63b606ac810a52cca15e44bb630fd42d8d1d83d,8
Mask Network,MASK,0x69af81e73a73b40adf4f3d4223cd9b1ece623074,18
Convex Token,CVX,0x4e3fbd56cd56c3e72c1403e103b45db9da5b9d2b,18
WQtum,WQTUM,0x3103df8f05c4d8af16fd22ae63e406b97fec6938,18
SingularityNET Token,AGIX,0x5b7533812759b45c2b44c19e320ba2cd2681b542,8
Celo native asset (Wormhole),CELO,0x3294395e62f4eb6af3f1fcf89f5602d90fb3ef69,18
Wrapped Celo,wCELO,0xe452e6ea2ddeb012e20db73bf5d3863a3ac8d77a,18
Euro Tether,EURT,0xC581b735A1688071A1746c968e0798D642EDE491,6
Ethereum Name Service,ENS,0xc18360217d8f7ab5e7c516566761ea12ce7f9d72,18
FLOKI,FLOKI,0xcf0c122c6b73ff809c693db761e7baebe62b6a2e,9
Blur,BLUR,0x5283d291dbcf85356a21ba090e6db59121208b44,18
HoloToken,HOT,0x6c6ee5e31d828de241282b9606c8e98ea48526e2,18
Fetch,FET,0xaea46A60368A7bD060eec7DF8CBa43b7EF41Ad85,18
Livepeer Token,LPT,0x58b6a8a3302369daec383334672404ee733ab239,18
Compound Dai,cDAI,0x5d3a536E4D6DbD6114cc1Ead35777bAB948E3643,8
GreenMetaverseToken,GMT,0xe3c408BD53c31C085a1746AF401A4042954ff740,8
Worldcoin,WLD,0x163f8c2467924be0ae7b5347228cabf260318753,18
DeFiChain Token,DFI,0x8fc8f8269ebca376d046ce292dc7eac40c8d358a,8
Olympus,OHM,0x64aa3364f17a4d01c6f1751fd97c2bd3d7e7f1d5,9
yearn.finance,YFI,0x0bc529c00C6401aEF6D220BE8C6Ea1667F6Ad93e,18
Unibot,UNIBOT,0xf819d9cb1c2a819fd991781a822de3ca8607c3c9,18
Compound USDT,cUSDT,0xf650c3d88d12db855b8bf7d11be6c55a4e07dcc9,8
Ribbon,RBN,0x6123b0049f904d730db3c36a31167d9d4121fa6b,18
Golem Network Token,GLM,0x7DD9c5Cba05E151C895FDe1CF355C9A1D5DA6429,18
Aragon Network Token,ANT,0xa117000000f279d81a1d3cc75430faa017fa5a2e,18
Balancer,BAL,0xba100000625a3754423978a60c9317c58a424e3d,18
SafePalToken,SFP,0x12e2b8033420270db2f3b328e32370cb5b2ca134,18
Swipe,SXP,0x8ce9137d39326ad0cd6491fb5cc0cba0e089b6a9,18
IoTeX Network,IOTX,0x6fb3e0a217407efff7ca062d46c26e5d60a14d69,18
Merit Circle,MC,0x949d48eca67b17269629c7194f4b727d4ef9e5d6,18
StakeWise Staked ETH2,sETH2,0xFe2e637202056d30016725477c5da089Ab0A043A,18
WAX Token,WAX,0x39bb259f66e1c59d5abef88375979b4d20d98022,8
IOSToken,IOST,0xfa1a856cfa3409cfa145fa4e20eb270df3eb21ab,18
Tribe,TRIBE,0xc7283b66eb1eb5fb86327f08e1b5816b0720212b,18
HarmonyOne,ONE,0x799a4202c12ca952cb311598a024c80ed371a41e,18
BandToken,BAND,0xba11d00c5f74255f56a5e366f4f77f5a186d7f55,18
SwissBorg,CHSB,0xba9d4199fab4f26efe3551d490e3821486f135ba,8
Ocean Token,OCEAN,0x967da4048cD07aB37855c090aAF366e4ce1b9F48,18
ELF,ELF,0xbf2179859fc6d5bee9bf9158632dc51678a4100e,18
Axelar,AXL,0x467719ad09025fcc6cf6f8311755809d45a5e5f3,6
STASIS EURS Token,EURS,0xdb25f211ab05b1c97d595516f45794528a807ad8,2
BORA,BORA,0x26fb86579e371c7aedc461b2ddef0a8628c93d3b,18
SushiToken,SUSHI,0x6b3595068778dd592e39a122f4f5a5cf09c90fe2,18
Amp,AMP,0xff20817765cb7f73d4bde2e66e067e58d11095c2,18
Bitkub Token,KUB,0x0649cef6d11ed6f88535462e147304d3fe5ae14d,18
StargateToken,STG,0xaf5191b0de278c7286d6c7cc6ab6bb8a73ba2cd6,18
SSV Token,SSV,0x9d65ff81a3c488d585bbfb0bfe3c7707c7917f54,18
Kyber Network Crystal v2,KNC,0xdeFA4e8a7bcBA345F687a2f1456F5Edd9CE97202,18
Polymath,POLY,0x9992ec3cf6a55b00978cddf2b27bc6882d88d1ec,18
SKALE,SKL,0x00c83aecc790e8a4453e5dd3b0b4b3680501a7a7,18
CoinDash Token,CDT,0x177d39ac676ed1c67a2b268ad7f1e58826e5b0af,18
DAO Maker,DAO,0x0f51bb10119727a7e5ea3538074fb341f56b09ad,18
UMA Voting Token v1,UMA,0x04Fa0d235C4abf4BcF4787aF4CF447DE572eF828,18
PlayDapp Token,PLA,0x3a4f40631a4f906c2BaD353Ed06De7A5D3fCb430,18
Cartesi Token,CTSI,0x491604c0FDF08347Dd1fa4Ee062a822A5DD06B5D,18
CoinEx Token,CET,0x081f67afa0ccf8c7b17540767bbe95df2ba8d97f,18
Reserve Rights,RSR,0x320623b8e4ff03373931769a31fc52a4e78b5d70,18
Qtcon,QTCON,0x1bf7fd22709733ccd7c45ab27dd02c7ec8e50078,18
Synapse,SYN,0x0f2d719407fdbeff09d87557abb7232601fd9f29,18
API3,API3,0x0b38210ea11411557c13457D4dA7dC6ea731B88a,18
Hxro,HXRO,0x4bd70556ae3f8a6ec6c4080a0c327b24325438f3,18
Pundi X Token,PUNDIX,0x0fd10b9899882a6f2fcb5c371e17e70fdee00c38,18
StatusNetwork,SNT,0x744d70fdbe2ba4cf95131626614a1763df805b9e,18
Trace,TRAC,0xaa7a9ca87d3694b5755f213b5d04094b8d0f0a6f,18
PlatonCoin,PLTC,0x429D83Bb0DCB8cdd5311e34680ADC8B12070a07f,18
QANX Token,QANX,0xaaa9214f675316182eaa21c85f0ca99160cc3aaa,18
Function X,FX,0x8c15ef5b4b21951d50e53e4fbda8298ffad25057,18
VVS,VVS,0x839e71613f9aa06e5701cf6de63e303616b0dde3,18
PYR Token,PYR,0x430EF9263E76DAE63c84292C3409D61c598E9682,18
Coin98,C98,0xae12c5930881c53715b369cec7606b70d8eb229f,18
inSure,SURE,0xcb86c6a22cb56b6cf40cafedb06ba0df188a416e,18
dKargo,DKA,0x5dc60C4D5e75D22588FA17fFEB90A63E535efCE0,18
RLC,RLC,0x607F4C5BB672230e8672085532f7e901544a7375,9
STPT,STPT,0xde7d85157d9714eadf595045cc12ca4a5f3e2adb,18
LQTY,LQTY,0x6dea81c8171d0ba574754ef6f8b412f2ed88c54d,18
Dexe,DEXE,0xde4EE8057785A7e8e800Db58F9784845A5C2Cbd6,18
Telcoin,TEL,0x467Bccd9d29f223BcE8043b84E8C8B282827790F,2
Origin Ether,OETH,0x856c4Efb76C1D1AE02e20CEB03A2A6a08b0b8dC3,18
Hermez Network Token,HEZ,0xEEF9f339514298C6A857EfCfC1A762aF84438dEE,18
Alchemy,ACH,0xed04915c23f00a313a544955524eb7dbd823143d,8
Numeraire,NMR,0x1776e1f26f98b1a5df9cd347953a26dd3cb46671,18
Metal,MTL,0xF433089366899D83a9f26A773D59ec7eCF30355e,8
Dogelon,ELON,0x761d38e5ddf6ccf6cf7c55759d5210750b5d60f3,18
Everipedia IQ,IQ,0x579cea1889991f68acc35ff5c3dd0621ff29b0c9,18
AlphaToken,ALPHA,0xa1faa113cbe53436df28ff0aee54275c13b40975,18
Orbs,ORBS,0xff56cc6b1e6ded347aa0b7676c85ab0b3d08b0fa,18
Wrapped NXM,wNXM,0x0d438f3b5175bebc262bf23753c1e53d03432bde,18
Mass Vehicle Ledger Token,MVL,0xa849eaae994fb86afa73382e9bd88c2b6b18dc71,18
OMG Network,OMG,0xd26114cd6EE289AccF82350c8d8487fedB8A0C07,18
Token Prometeus Network,PROM,0xfc82bb4ba86045af6f327323a46e80412b91b27d,18
Linear Token,LINA,0x3E9BC21C9b189C09dF3eF1B824798658d5011937,18
CelerToken,CELR,0x4f9254c83eb525f9fcf346490bbb3ed28a81c667,18
ShareToken,SHR,0xd98f75b1a3261dab9eed4956c93f33749027a964,2
Wilder,WILD,0x2a3bff78b79a009976eea096a51a948a3dc00e34,18
Ankr Staked ETH,ankrETH,0xE95A203B1a91a908F9B9CE46459d101078c2c3cb,18
Prime,PRIME,0xb23d80f5fefcddaa212212f028021b41ded428cf,18
DENT,DENT,0x3597bfd533a99c9aa083587b074434e61eb0a258,8
Energy Web Token Bridged,EWTB,0x178c820f862b14f316509ec36b13123da19a6054,18
Marlin POND,POND,0x57b946008913b82e4df85f501cbaed910e58d26c,18
ALICE,ALICE,0xac51066d7bec65dc4589368da368b212745d63e8,6
Bancor,BNT,0x1f573d6fb3f13d689ff844b4ce37794d79a7ff1c,18
DODO bird,DODO,0x43Dfc4159D86F3A37A5A4B3D4580b888ad7d4DDd,18
Smooth Love Potion,SLP,0xcc8fa225d80b9c7d42f96e9570156c65d6caaa25,0
NKN,NKN,0x5cf04716ba20127f1e2297addcf4b5035000c9eb,18
HUNT Token,HUNT,0x9aab071b4129b083b01cb5a0cb513ce7eca26fa5,18
Reef.finance,REEF,0xfe3e6a25e6b192a42a44ecddcd13796471735acf,18
SPACE ID,ID,0x2dfF88A56767223A5529eA5960Da7A3F5f766406,18
StormX,STMX,0xa62cc35625b0c8dc1faea39d33625bb4c15bd71c,18
Gitcoin,GTC,0xde30da39c46104798bb5aa3fe8b9e0e1f348163f,18
XIDO FINANCE,XIDO,0xf6650117017ffd48b725b4ec5a00b414097108a7,18
PowerLedger,POWR,0x595832f8fc6bf59c85c527fec3740a1b7a361269,6
Metis Token,Metis,0x9e32b13ce7f2e80a01932b42553652e053d6ed8e,18
Hashflow,HFT,0xb3999f658c0391d94a37f7ff328f3fec942bcadc,18
Chroma,CHR,0x8A2279d4A90B6fe1C4B30fa660cC9f926797bAA2,6
Celsius,CEL,0xaaaebe6fe48e54f431b0c390cfaf0b017d09d42d,4
Artificial Liquid Intelligence Token,ALI,0x6b0b3a982b4634ac68dd83a4dbf02311ce324181,18
ARPA Token,ARPA,0xba50933c268f567bdc86e1ac131be072c6b0b71a,18
Pendle,PENDLE,0x808507121b80c02388fad14726482e061b8da827,18
Bifrost,BFC,0x0c7D5ae016f806603CB1782bEa29AC69471CAb9c,18
QuarkChain Token,QKC,0xea26c4ac16d4a5a106820bc8aee85fd0b7b2b664,18
Gelato Network Token,GEL,0x15b7c0c907e4c6b9adaaaabc300c08991d6cea05,18
KEEP Token,KEEP,0x85eee30c52b0b379b046fb0f85f4f3dc3009afec,18
Request,REQ,0x8f8221afbb33998d8584a2b05749ba73c37a938a,18
ConstitutionDAO,PEOPLE,0x7a58c0be72be218b41c608b7fe7c5bb630736c71,18
Beta Token,BETA,0xbe1a001fe942f96eea22ba08783140b9dcc09d28,18
COTI Token,COTI,0xddb3422497e61e13543bea06989c0789117555c5,18
SportX,SX,0x99fe3b1391503a1bc1788051347a1324bff41452,18
Covalent Query Token,CQT,0xd417144312dbf50465b1c641d016962017ef6240,18
Euro Coin,EUROC,0x1aBaEA1f7C830bD89Acc67eC4af516284b1bC33c,6
Phala,PHA,0x6c5bA91642F10282b576d91922Ae6448C9d52f4E,18
GoMining Token,GMT,0x7ddc52c4de30e94be3a6a0a2b259b2850f421989,18
Dusk Network,DUSK,0x940a2db1b7008b6c776d4faaca729d6d4a4aa551,18
DEXTools,DEXT,0xfb7b4564402e5500db5bb6d63ae671302777c75a,18
Spell Token,SPELL,0x090185f2135308bad17527004364ebcc2d37e5f6,18
Magic Internet Money,MIM,0x99d8a9c45b2eca8864373a26d1459e3dff1e17f3,18
BAZAARS,BZR,0x8d96b4ab6c741a4c8679ae323a100d74f085ba8f,18
FunFair,FUN,0x419d0d8bdd9af5e606ae2232ed285aff190e711b,8
XY Oracle,XYO,0x55296f69f40ea6d20e478533c15a6b08b654e758,18
NEST,NEST,0x04abeda201850ac0124161f037efd70c74ddc74c,18
XSGD,XSGD,0x70e8de73ce538da2beed35d14187f6959a8eca96,6
VERA,VRA,0xf411903cbc70a74d22900a5de66a2dda66507255,18
Ultra Token,UOS,0xd13c7342e1ef687c5ad21b27c2b65d772cab5c8c,4
Bytom,BTM,0xcb97e65f07da24d46bcdd078ebebd7c6e6e3d750,8
MOONs on Ethereum,MOON,0xe1ca72ff3434b131765c62cbcbc26060f7aba03d,18
Gluwa Creditcoin Vesting Token,G-CRE,0xa3ee21c306a700e682abcdfe9baa6a08f3820419,18
Refereum,RFR,0xd0929d411954c47438dc1d871dd6081f5c5e149c,4
Rally,RLY,0xf1f955016EcbCd7321c7266BccFB96c68ea5E49b,18
Boba Token,BOBA,0x42bbfa2e77757c645eeaad1655e0911a7553efbc,18
THORSwap Token,THOR,0xa5f2211b9b8170f694421f2046281775e8468044,18
AllianceBlock Nexera Token,NXRA,0x644192291cc835a93d6330b24ea5f5fedd0eef9e,18
OriginToken,OGN,0x8207c1ffc5b6804f6024322ccf34f29c3541ae26,18
Aergo,AERGO,0x91Af0fBB28ABA7E31403Cb457106Ce79397FD4E6,18
Dawn,DAWN,0x580c8520deda0a441522aeae0f9f7a5f29629afa,18
Celo Dollar (Wormhole),cUSD,0xC22956c3CFeC3Ee9A9925abeE044F05Bc47f6632,18
Wrapped Celo USD,wCUSD,0xad3e3fc59dff318beceaab7d00eb4f68b1ecf195,18
E-RADIX,eXRD,0x6468e79A80C0eaB0F9A2B574c8d5bC374Af59414,18
Alien Worlds Trilium,TLM,0x888888848b652b3e3a0f34c96e00eec0f3a23f72,4
Gods Unchained,GODS,0xccc8cb5229b0ac8069c51fd58367fd1e622afd97,18
Morpheus.Network,MNW,0xd3e4ba569045546d09cf021ecc5dfe42b1d7f6e4,18
SuperRare,RARE,0xba5bde662c17e2adff1075610382b9b691296350,18
[FCT] FirmaChain Token,FCT,0xe1bad922f84b198a08292fb600319300ae32471b,18
Kin,KIN,0x818fc6c2ec5986bc6e2cbf00939d90556ab12ce5,18
Aura,AURA,0xC0c293ce456fF0ED870ADd98a0828Dd4d2903DBF,18
Synth sUSD,sUSD,0x57ab1ec28d129707052df4df418d58a2d46d5f51,18
CEEK,CEEK,0xb056c38f6b7dc4064367403e26424cd2c60655e1,18
Adventure Gold,AGLD,0x32353A6C91143bfd6C7d363B546e62a9A2489A20,18
VitaDAO Token,VITA,0x81f8f0bb1cb2a06649e51913a151f0e7ef6fa321,18
Bluzelle,BLZ,0x5732046a883704404f284ce41ffadd5b007fd668,18
Aurora DAO,AURA,0xcdcfc0f66c522fd086a1b725ea3c0eeb9f9e8814,18
IDEX Token,IDEX,0xb705268213d593b8fd88d3fdeff93aff5cbdcfae,18
Storj,STORJ,0xb64ef51c888972c908cfacf59b47c1afbc0ab8ac,8
TrueFi,TRU,0x4c19596f5aaff459fa38b0f7ed92f11ae6543784,8
CarryToken,CRE,0x115ec79f1de567ec68b7ae7eda501b406626478e,18
Radio Caca V2,RACA,0x12bb890508c125661e03b09ec06e404bc9289040,18
Bean,BEAN,0xbea0000029ad1c77d3d5d23ba2d8893db9d1efab,6
LCX,LCX,0x037a54aab062628c9bbae1fdb1583c195585fe41,18
Orchid,OXT,0x4575f41308EC1483f3d399aa9a2826d74Da13Deb,18
Fei USD,FEI,0x956F47F50A910163D8BF957Cf5846D573E7f87CA,18
Uquid Coin,UQC,0x8806926Ab68EB5a7b909DcAf6FdBe5d93271D6e2,18
Singularity Dao,SDAO,0x993864e43caa7f7f12953ad6feb1d1ca635b875f,18
ZEON,ZEON,0xe5b826ca2ca02f09c1725e9bd98d9a8874c30532,18
Victoria VR,VR,0x7d5121505149065b562c789a0145ed750e6e8cdd,18
Premia,PREMIA,0x6399c842dd2be3de30bf99bc7d1bbf6fa3650e70,18
DeGate Token,DG,0x53c8395465a84955c95159814461466053dedede,18
BOX Token,BOX,0xe1A178B681BD05964d3e3Ed33AE731577d9d96dD,18
Moss Coin,MOC,0x865ec58b06bf6305b886793aa20a2da31d034e68,18
TokenPocket Token,TPT,0x4161725d019690a3e0de50f6be67b07a86a9fae1,4
Efinity Token,EFI,0x656c00e1bcd96f256f224ad9112ff426ef053733,18
Automata,ATA,0xa2120b9e674d3fc3875f415a7df52e382f141225,18
Frax Price Index Share,FPIS,0xc2544a32872a91f4a553b404c6950e89de901fdb,18
SAITAMA,SAITAMA,0xCE3f08e664693ca792caCE4af1364D5e220827B2,9
SelfKey,KEY,0x4cc19356f2d37338b9802aa8e8fc58b0373296e7,18
Oraichain Token,ORAI,0x4c11249814f11b9346808179cf06e71ac328c1b5,18
Tellor Tributes,TRB,0x88df592f8eb5d7bd38bfef7deb0fbc02cf3778a0,18
@EthernityChain $ERN Token,ERN,0xbbc2ae13b23d715c30720f079fcd9b4a74093505,18
Bounce Token,Auction,0xa9b1eb5908cfc3cdf91f9b8b3a74108598009096,18
Meld,MELD,0x333000333b26eE30214B4af6419D9ab07a450400,18
Guild of Guardians,GOG,0x9ab7bb7fdc60f4357ecfef43986818a2a3569c62,18
Litentry,LIT,0xb59490ab09a0f526cc7305822ac65f2ab12f9723,18
Pluton,PLU,0xD8912C10681D8B21Fd3742244f44658dBA12264E,18
Cortex Coin,CTXC,0xea11755ae41d889ceec39a63e6ff75a02bc1c00d,18
MCDEX Token,MCB,0x4e352cF164E64ADCBad318C3a1e222E9EBa4Ce42,18
AscendEX token,ASD,0xff742d05420b6aca4481f635ad8341f81a6300c2,18
BitMax token,BTMX,0xcca0c9c383076649604eE31b20248BC04FdF61cA,18
Route,ROUTE,0x16eccfdbb4ee1a85a33f3a9b21175cd7ae753db4,18
Bolide,BLID,0x8A7aDc1B690E81c758F1BD0F72DFe27Ae6eC56A5,18
CargoX,CXO,0xb6ee9668771a79be7967ee29a63d4184f8097143,18
Adshares,ADS,0xcfcecfe2bd2fed07a9145222e8a7ad9cf1ccd22a,11
Synth sETH,sETH,0x5e74c9036fb86bd7ecdcb084a0673efc32ea31cb,18
Forta,FORT,0x41545f8b9472D758bB669ed8EaEEEcD7a9C4Ec29,18
Compound Basic Attention Token,cBAT,0x6c8c6b02e7b2be14d4fa6022dfd6d75921d90e4e,8
LooksRare Token,LOOKS,0xf4d2888d29d722226fafa5d9b24f9164c092421e,18
Terra Virtua Kolect,TVK,0xd084b83c305dafd76ae3e1b4e1f1fe2ecccb3988,18
Mai Stablecoin,MAI,0x8D6CeBD76f18E1558D4DB88138e2DeFB3909fAD6,18
DIAToken,DIA,0x84cA8bc7997272c7CfB4D0Cd3D55cd942B3c9419,18
Ampleforth Governance,FORTH,0x77fba179c79de5b7653f68b5039af940ada60ce0,18
BarnBridge Governance Token,BOND,0x0391D2021f89DC339F60Fff84546EA23E337750f,18
0xBitcoin Token,0xBTC,0xb6ed7644c69416d67b522e20bc294a9a9b405b31,8
beefy.finance,BIFI,0x5870700f1272a1adbb87c3140bd770880a95e55d,18
Measurable Data Token,MDT,0x814e0908b12a99fecf5bc101bb5d0b8b5cdf7d26,18
Melon Token,MLN,0xec67005c4e498ec7f55e092bd1d35cbc47c91892,18
League of Kingdoms Arena,LOKA,0x61e90a50137e1f645c9ef4a0d3a4f01477738406,18
Coinweb,CWEB,0x505b5eda5e25a67e1c24a2bf1a527ed9eb88bf04,18
Alpha Quark Token,AQT,0x2a9bDCFF37aB68B95A53435ADFd8892e86084F93,18
Keep3rV1,KP3R,0x1ceb5cb57c4d4e2b2433641b95dd330a33185a44,18
Lever,LEVER,0x4b5f49487ea7b3609b1ad05459be420548789f1f,18
Sai Stablecoin v1.0,SAI,0x89d24a6b4ccb1b6faa2625fe562bdd9a23260359,18
StakeWise,SWISE,0x48c3399719b582dd63eb5aadf12a40b4c3f52fa2,18
QuickSwap,QUICK,0xd2ba23de8a19316a638dc1e7a9adda1d74233368,18
CUBE,AUTO,0x622dFfCc4e83C64ba959530A5a5580687a57581b,18
Alchemix,ALCX,0xdbdb4d16eda451d0503b854cf79d55697f90c8df,18
Dione,Dione,0x89b69f2d1adffa9a253d40840b6baa7fc903d697,9
Onyxcoin,XCN,0xa2cd3d43c775978a96bdbf12d733d5a1ed94fb18,18
Aurora,AURORA,0xaaaaaa20d9e0e2461697782ef11675f668207961,18
Amber,AMB,0x4dc3643dbc642b72c158e7f3d2ff232df61cb6ce,18
Gho Token,GHO,0x40D16FC0246aD3160Ccc09B8D0D3A2cD28aE6C2f,18
SIDUS,SIDUS,0x549020a9Cb845220D66d3E9c6D9F9eF61C981102,18
ICONOMI,ICN,0x888666CA69E0f178DED6D75b5726Cee99A87D698,18
VLX,VLX,0x8c543aed163909142695f2d2acd0d55791a9edb9,18
Yuan Chain New,YCC,0x37e1160184f7dd29f00b78c050bf13224780b0b0,8
GuildFi Token,GF,0xaaef88cea01475125522e117bfe45cf32044e238,18
Stader,SD,0x30d20208d987713f46dfd34ef128bb16c404d10f,18
Instadapp,INST,0x6f40d4a6237c257fff2db00fa0510deeecd303eb,18
Onbuff Token,ONIT,0x410e731c2970Dce3AdD351064AcF5cE9E33FDBf0,18
BZ,BZ,0x4375e7ad8a01b8ec3ed041399f62d9cd120e0063,18
Dejitaru Tsuka,TSUKA,0xc5fb36dd2fb59d3b98deff88425a3f425ee469ed,9
Clover,CLV,0x80c62fe4487e1351b47ba49809ebd60ed085bf52,18
Contentos,COS,0x589891a198195061cb8ad1a75357a3b7dbadd7bc,18
Taraxa Coin,TARA,0xf001937650bb4f62b57521824b2c20f5b91bea05,18
ParaSwap,PSP,0xcafe001067cdef266afb7eb5a286dcfd277f3de5,18
MXCToken,MXC,0x5ca381bbfb58f0092df149bd3d243b08b9a8386e,18
Goldfinch,GFI,0xdab396ccf3d84cf2d07c4454e10c8a6f5b008d2b,18
SENTINEL PROTOCOL,UPP,0xc86d054809623432210c107af2e3f619dcfbf652,18
KardiaChain Token,KAI,0xD9Ec3ff1f8be459Bb9369b4E79e9Ebcf7141C093,18
VAIOT Token,VAI,0xd13cfd3133239a3c73a9e535a5c4dadee36b395c,18
Nuls,NULS,0xa2791bdf2d5055cda4d46ec17f9f429568275047,8
JPEGâ€™d Governance Token,JPEG,0xe80c0cd204d654cebe8dd64a4857cab6be8345a3,18
Origin Dollar,OUSD,0x2a8e1e676ec238d8a992307b495b45b3feaa5e86,18
Thales DAO Token,THALES,0x8947da500eb47f82df21143d0c01a29862a8c3c5,18
GMO JPY,GYEN,0xC08512927D12348F6620a698105e1BAac6EcD911,6
MAP Protocol,MAP,0x9E976F211daea0D652912AB99b0Dc21a7fD728e4,18
Dopex Governance Token,DPX,0xeec2be5c91ae7f8a338e1e5f3b5de49d07afdc81,18
BitMartToken,BMC,0x986EE2B944c42D017F52Af21c4c69B84DBeA35d8,18
Rail,RAIL,0xe76C6c83af64e4C60245D8C7dE953DF673a7A33D,18
Student Coin,STC,0x15b543e986b8c34074dfc9901136d9355a537e7e,18
QRL,QRL,0x697beac28b09e122c4332d163985e8a73121b97f,8
Decentral Games,DG,0x4b520c812e8430659fc9f12f6d0c39026c83588d,18
DeRace Token,DERC,0x9fa69536d1cda4a04cfb50688294de75b505a9ae,18
TOKPIE,TKP,0xd31695a1d35e489252ce57b129fd4b1b05e6acac,18
Stake DAO Token,SDT,0x73968b9a57c6e53d41345fd57a6e6ae27d6cdb2f,18
Interest Compounding ETH Index,icETH,0x7c07f7abe10ce8e33dc6c5ad68fe033085256a84,18
Ethereum Meta,ETHM,0xfd957f21bd95e723645c07c48a2d8acb8ffb3794,18
ZRX,ZRX,0xe41d2489571d322189246dafa5ebde1f4699f498,18
Qredo Token,QRDO,0x4123a133ae3c521fd134d7b13a2dec35b56c2463,8
Propy,PRO,0x226bb599a12c826476e3a771454697ea52e9e220,8
Dopex Rebate Token,rDPX,0x0ff5a8451a839f5f0bb3562689d9a44089738d11,18
TTC Protocol (TTC),TTC,0x9389434852b94bbad4c8afed5b7bdbc5ff0c2275,18
DeversiFi Token,DVF,0xdddddd4301a082e62e84e43f474f044423921918,18
HOPR Token,HOPR,0xf5581dfefd8fb0e4aec526be659cfab1f8c781da,18
SushiBar,xSUSHI,0x8798249c2E607446EfB7Ad49eC89dD1865Ff4272,18
Streamr,DATA,0x8f693ca8d21b157107184d29d398a8d082b38b76,18
agEUR,agEUR,0x1a7e4e63778b4f12a199c062f3efdd288afcbce8,18
Ultiledger,ULT,0xe884cc2795b9c45beeac0607da9539fd571ccf85,18
CosplayToken,COT,0x5CAc718A3AE330d361e39244BF9e67AB17514CE8,18
Image Generation AI | imgnAI.com,imgnAI,0xa735a3af76cc30791c61c10d585833829d36cbe0,9
PAAL AI,$PAAL,0x14feE680690900BA0ccCfC76AD70Fd1b95D10e16,9
dForce,DF,0x431ad2ff6a9c365805ebad47ee021148d6f7dbe0,18
Across Protocol Token,ACX,0x44108f0223A3C3028F5Fe7AEC7f9bb2E66beF82F,18
SWARM,SWM,0x3505f494c3f0fed0b594e01fa41dd3967645ca39,18
Iron Bank EUR,ibEUR,0x96e61422b6a9ba0e068b6c5add4ffabc6a4aae27,18
bZx Protocol Token,BZRX,0x56d811088235F11C8920698a204A5010a788f4b3,18
AirSwap,AST,0x27054b13b1b798b345b591a4d22e6562d47ea75a,4
Proton,XPR,0xD7EFB00d12C2c13131FD319336Fdf952525dA2af,4
Revain,REV,0x2ef52Ed7De8c5ce03a4eF0efbe9B7450F2D7Edc9,6
Serum,SRM,0x476c5E26a75bd202a9683ffD34359C0CC15be0fF,6
Nectar,NCT,0x9e46a38f5daabe8683e10793b06749eef7d733d1,18
Pinakion,PNK,0x93ed3fbe21207ec2e8f2d3c3de6e058cb73bc04d,18
xcRMRK,xcRMRK,0x471Ea49dd8E60E697f4cac262b5fafCc307506e4,10
StaFi,FIS,0xef3A930e1FfFFAcd2fc13434aC81bD278B0ecC8d,18
Shiden,SDN,0x00e856ee945a49bb73436e719d96910cd9d116a4,18
Fusion,FSN,0xd0352a019e9ab9d757776f532377aaebd36fd541,18
Fusion,anyFSN,0x979aCA85bA37c675e78322ed5d97fa980B9Bdf00,18
Celo Euro (Wormhole),cEUR,0xee586e7eaad39207f0549bc65f19e336942c992f,18
veCRV-DAO yVault,yveCRV-DAO,0xc5bddf9843308380375a611c18b50fb9341f502a,18
Synth sBTC,sBTC,0xfe18be6b3bd88a2d2a7f928d00292e7a9963cfc6,18
ZBToken,ZB,0xbd0793332e9fb844a52a205a233ef27a5b34b927,18
VIDT DAO,VIDT,0x3be7bf1a5f23bd8336787d0289b70602f1940875,18
Ethix,ETHIX,0xfd09911130e6930bf87f2b0554c44f400bd80d3e,18
Shina Inu,SHI,0x243cacb4d5ff6814ad668c3e225246efa886ad5a,18
Parsiq Token,PRQ,0x362bc847A3a9637d3af6624EeC853618a43ed7D2,18
Enjinstarter,EJS,0x96610186F3ab8d73EBEe1CF950C750f3B1Fb79C2,18
XEN Crypto,XEN,0x06450dEe7FD2Fb8E39061434BAbCFC05599a6Fb8,18
UniLend Finance Token,UFT,0x0202Be363B8a4820f3F4DE7FaF5224fF05943AB1,18
MANTRA DAO,OM,0x3593d125a4f7849a1b059e64f4517a86dd60c95d,18
Stratos Token,STOS,0x08c32b0726c5684024ea6e141c50ade9690bbdcc,18
Gifto,GTO,0xc5bbae50781be1669306b9e001eff57a2957b09d,5
Frontier Token,FRONT,0xf8C3527CC04340b208C854E985240c02F7B7793f,18
Reputation,REPv2,0x221657776846890989a759ba2973e427dff5c9bb,18
CircuitsOfValue,Coval,0x3d658390460295fb963f54dc0899cfb1c30776df,8
QASH,QASH,0x618e75ac90b12c6049ba3b27f5d5f8651b0037f6,6
ICHI,ICHI,0x111111517e4929d3dcbdfa7cce55d30d4b6bc4d6,18
Guaranteed Entrance Token,GET,0x8a854288a5976036a725879164ca3e91d30c6a1b,18
VISOR,VISR,0xf938424f7210f31df2aee3011291b658f872e91e,18
CERE Network,CERE,0x2da719db753dfa10a62e140f436e1d67f2ddb0d6,10
KyberNetwork,KNC,0xdd974d5c2e2928dea5f71b9825b8b646686bd200,18
Vite,VITE,0xadd5e881984783dd432f80381fb52f45b53f3e70,18
BZZ,BZZ,0x19062190b1925b5b6689d7073fdfc8c2976ef8cb,16
OVR,OVR,0x21bfbda47a0b4b5b1248c767ee49f7caa9b23697,18
Wise Token,WISE,0x66a0f676479Cee1d7373f3DC2e2952778BfF5bd6,18
Presearch,PRE,0xEC213F83defB583af3A000B1c0ada660b1902A0F,18
PolkaFoundry,PKF,0x8b39b70e39aa811b69365398e0aace9bee238aeb,18
Dock,DOCK,0xe5dada80aa6477e85d09747f2842f7993d0df71c,18
AIOZ Network,AIOZ,0x626e8036deb333b408be468f951bdb42433cbf18,18
MATH Token,MATH,0x08d967bb0134f2d07f7cfb6e246680c53927dd30,18
Spheroid,SPH,0xa0cf46eb152656c7090e769916eb44a138aaa406,18
Decentral Games Governance,xDG,0x4f81c790581b240a5c948afd173620ecc8c71c8d,18
Somnium Space Cubes,CUBE,0xdf801468a808a32656d2ed2d2d80b72a129739f4,8
Boson Token,BOSON,0xc477d038d5420c6a9e0b031712f61c5120090de9,18
Hegic,HEGIC,0x584bC13c7D411c00c01A62e8019472dE68768430,18
Fuse Token,FUSE,0x970b9bb2c0444f5e81e9d0efb84c8ccdcdcaf84d,18
Impossible Decentralized Incubat,IDIA,0xf09dea9375ecd3500c565973d21822f0383f1099,18
VectorspaceAI,VXV,0x7d29a64504629172a429e64183d6673b9dacbfce,18
Optimus,OPTIMUS,0x562E362876c8Aee4744FC2c6aaC8394C312d215d,9
DREP,DREP,0x3ab6ed69ef663bd986ee59205ccad8a20f98b4c2,18
Rari Governance Token,RGT,0xD291E7a03283640FDc51b121aC401383A46cC623,18
Rarible,RARI,0xfca59cd816ab1ead66534d82bc21e7515ce441cf,18
IceToken,ICE,0xf16e81dce15b08f326220742020379b855b87df9,18
Nash Exchange Token,NEX,0xe2dc070524a6e305ddb64d8513dc444b6a1ec845,8
Healthcare Administration Token,SOLVE,0x446c9033e7516d820cc9a2ce2d0b7328b579406f,8
Cult DAO,CULT,0xf0f9d895aca5c8678f706fb8216fa22957685a13,18
Meta Apes Peel,PEEL,0x1ed81e03d7ddb67a21755d02ed2f24da71c27c55,18
Silo Governance Token,Silo,0x6f80310ca7f2c654691d1383149fa1a57d8ab1f8,18
Ooki Token,OOKI,0x0de05f6447ab4d22c8827449ee4ba2d5c288379b,18
ARC,ARC,0xc82e3db60a52cf7529253b4ec688f631aad9e7c2,18
RevolutionPopuli ERC20 Token,RVP,0x17ef75aa22dd5f6c2763b8304ab24f40ee54d48a,18
LON Token,LON,0x0000000000095413afc295d19edeb1ad7b71c952,18
Octopus Network Token,OCT,0xf5cfbc74057c610c8ef151a439252680ac68c6dc,18
Media Licensing Token,MLT,0x9506d37f70eb4c3d79c398d326c871abbf10521d,18
UniBright,UBT,0x8400d94a5cb0fa0d041a3788e395285d61c9ee5e,8
SwftCoin,SWFTC,0x0bb217e40f8a5cb79adf04e1aab60e5abd0dfc1e,8
FOX,FOX,0xc770eefad204b5180df6a14ee197d99d808ee52d,18
AMO Coin,AMO,0x38c87aa89b2b8cd9b95b736e1fa7b612ea972169,18
Tokemak,TOKE,0x2e9d63788249371f1dfc918a52f8d799f4a38c94,18
UniCrypt,UNCX,0xaDB2437e6F65682B85F814fBc12FeC0508A7B1D0,18
CoW Protocol Token,COW,0xdef1ca1fb7fbcdc777520aa7f396b4e015f497ab,18
EthLend,LEND,0x80fB784B7eD66730e8b1DBd9820aFD29931aab03,18
renBTC,renBTC,0xeb4c2781e4eba804ce9a9803c67d0893436bb27d,8
Splintershards,SPS,0x00813E3421E1367353BfE7615c7f7f133C89df74,18
HUSD,HUSD,0xdf574c24545e5ffecb9a659c229253d4111d87e1,8
NUM Token,NUM,0x3496b523e5c00a4b4150d6721320cddb234c3079,18
Wirex Token,WXT,0xa02120696c7b8fe16c09c749e4598819b2b0e915,18
choise.com Token,CHO,0xbba39fd2935d5769116ce38d46a71bde9cf03099,18
Imported GBYTE,GBYTE,0x31f69de127c8a0ff10819c0955490a4ae46fcc2a,18
pSTAKE Finance,PSTAKE,0xfb5c6815ca3ac72ce9f5006869ae67f18bf77006,18
Unisocks Edition 0,SOCKS,0x23b608675a2b2fb1890d3abbd85c5775c51691d5,18
BTU Protocol,BTU,0xb683d83a532e2cb7dfa5275eed3698436371cc9f,18
Kryll,KRL,0x464ebe77c293e473b48cfe96ddcf88fcf7bfdac0,18
TE-FOOD/TustChain,TONE,0x2Ab6Bb8408ca3199B8Fa6C92d5b455F820Af03c4,18
NimiqNetwork,NET,0xcfb98637bcae43C13323EAa1731cED2B716962fD,18
MixMarvel Token,MIX,0x5d285f735998f36631f678ff41fb56a10a4d0429,18
Divi,DIVI,0x246908BfF0b1ba6ECaDCF57fb94F6AE2FcD43a77,8
EverRise,RISE,0xC17c30e98541188614dF99239cABD40280810cA3,18
AVT,AVT,0x0d88ed6e74bbfd96b831231638b66c05571e824f,18
Index,INDEX,0x0954906da0Bf32d5479e25f46056d22f08464cab,18
Ethereum Push Notification Service,PUSH,0xf418588522d5dd018b425e472991e52ebbeeeeee,18
pNetwork Token,PNT,0x89Ab32156e46F46D02ade3FEcbe5Fc4243B9AAeD,18
Symbiosis,SIS,0xd38bb40815d2b0c2d2c866e0c72c5728ffc76dd9,18
DEUS,DEUS,0xde5ed76e7c05ec5e4572cfc88d1acea165109e44,18
VIB,VIB,0x2C974B2d0BA1716E644c1FC59982a89DDD2fF724,18
Inverse DAO,INV,0x41d5d79431a913c4ae7d69a668ecdfe5ff9dfb68,18
Rupiah Token,IDRT,0x998FFE1E43fAcffb941dc337dD0468d52bA5b48A,2
Turbo,TURBO,0xa35923162c49cf95e6bf26623385eb431ad920d3,18
Wrapped Banano,wBAN,0xe20b9e246db5a0d21bf9209e4858bc9a3ff7a034,18
BUMP,BUMP,0x785c34312dfa6b74f6f1829f79ade39042222168,18
ArcBlock,ABT,0xb98d4c97425d9908e66e53a6fdf673acca0be986,18
Tempus,TEMP,0xa36fdbbae3c9d55a1d67ee5821d53b50b63a1ab9,18
Prosper,PROS,0x8642a849d0dcb7a15a974794668adcfbe4794b56,18
MATRIX AI Network,MAN,0xe25bcec5d3801ce3a794079bf94adf1b8ccd802d,18
Quantstamp,QSP,0x99ea4db9ee77acd40b119bd1dc4e33e1c070b80d,18
Switcheo Token,SWTH,0xb4371da53140417cbb3362055374b10d97e420bb,8
OpenANX,OAX,0x701c244b988a513c945973defa05de933b23fe1d,18
BABB BAX,BAX,0xf920e4F3FBEF5B3aD0A25017514B769bDc4Ac135,18
StarLink,STARL,0x8e6cd950ad6ba651f6dd608dc70e5886b1aa6b24,18
ELYSIA,EL,0x2781246fe707bb15cee3e5ea354e2154a2877b16,18
Gearbox,GEAR,0xba3335588d9403515223f109edc4eb7269a9ab5d,18
Rai Reflex Index,RAI,0x03ab458634910aad20ef5f1c8ee96f1d6ac54919,18
MASQ,MASQ,0x06F3C323f0238c72BF35011071f2b5B7F43A054c,18
Floor,FLOOR,0xf59257E961883636290411c11ec5Ae622d19455e,9
ECOx,ECOx,0xcccd1ba9f7acd6117834e0d28f25645decb1736a,18
DerivaDAO,DDX,0x3a880652f47bfaa771908c07dd8673a787daed3a,18
QuadrantProtocol,eQUAD,0xc28e931814725bbeb9e670676fabbcb694fe7df2,18
NAGA Coin,NGC,0x72dd4b6bd852a3aa172be4d6c5a6dbec588cf131,18
Paribus,PBX,0xd528cf2e081f72908e086f8800977df826b5a483,18
Verse,VERSE,0x249ca82617ec3dfb2589c4c17ab7ec9765350a18,18
THORWallet Governance Token,TGT,0x108a850856db3f85d0269a2693d896b394c80325,18
CRPT,CRPT,0x08389495d7456e1951ddf7c3a1314a4bfb646d8b,18
RAE Token,RAE,0xe5a3229ccb22b6484594973a03a3851dcd948756,18
KAP Games Token,KAP,0x9625ce7753ace1fa1865a47aae2c5c2ce4418569,18
SPANK,SPANK,0x42d6622dece394b54999fbd73d108123806f6a18,18
Cap,CAP,0x43044f861ec040db59a7e324c40507addb673142,18
Mancium,MANC,0xe0c05ec44775e4ad62cdc2eecdf337aa7a143363,2
BetProtocolToken,BEPRO,0xcf3c8be2e2c42331da80ef210e9b1b307c03d36a,18
Wojak Coin,WOJAK,0x5026F006B85729a8b14553FAE6af249aD16c9aaB,18
Luxurious Pro Network Token,LPNT,0x6a4c76874e686a7d080d173987a35a9c48905583,18
ApeX Token,APEX,0x52a8845df664d76c69d2eea607cd793565af42b8,18
Cellframe Token,CELL,0x26c8afbbfe1ebaca03c2bb082e69d0476bffe099,18
BLOCKv,VEE,0x340d2bde5eb28c1eed91b2f790723e3b160613b7,18
ANGLE,ANGLE,0x31429d1856ad1377a8a0079410b297e1a9e214c2,18
ANGLE,ANGLE,0x31429d1856ad1377a8a0079410b297e1a9e214c2,18
Zynecoin,ZYN,0xe65ee7c03bbb3c950cfd4895c24989afa233ef01,18
Cellframe Token,CELL,0x26c8afbbfe1ebaca03c2bb082e69d0476bffe099,18
NFTX,NFTX,0x87d73E916D7057945c9BcD8cdd94e42A6F47f776,18
ZeroLiquid,ZERO,0xb0ed33f79d89541dfdcb04a8f04bc2c6be025ecc,18
SmartKey,Skey,0x06A01a4d579479Dd5D884EBf61A31727A3d8D442,8
DinoLFG,DINO,0x49642110b712c1fd7261bc074105e9e44676c68f,18
Metronome2,MET,0x2Ebd53d035150f328bd754D6DC66B99B0eDB89aa,18
KOMPETE Token,KOMPETE,0x1e0b2992079b620aa13a7c2e7c88d2e1e18e46e9,10
SENATE,SENATE,0x34Be5b8C30eE4fDe069DC878989686aBE9884470,18
Rejuve Token,RJV,0x02c3296c6eb50249f290ae596f2be9454bffadab,6
KAN,KAN,0x1410434b0346f5be678d0fb554e5c7ab620f8f4a,18
Sylo,SYLO,0xf293d23bf2cdc05411ca0eddd588eb1977e8dcd4,18
NETVRK,NTVRK,0xfc0d6cf33e38bce7ca7d89c0e292274031b7157a,18
ChangeNOW,NOW,0xe9a95d175a5f4c9369f3b74222402eb1b837693b,8
ApeSwapFinance Banana,BANANA,0x92DF60c51C710a1b1C20E42D85e221f3A1bFc7f2,18
Zus,ZCN,0xb9EF770B6A5e12E45983C5D80545258aA38F3B78,10
Wasder Token,WAS,0x0c572544a4ee47904d54aaa6a970af96b6f00e1b,18
Defactor,FACTR,0xe0bceef36f3a6efdd5eebfacd591423f8549b9d5,18
DEAPCOIN,DEP,0x1a3496c18d558bd9c6c8f609e1b129f67ab08163,18
SUKU,SUKU,0x0763fdCCF1aE541A5961815C0872A8c5Bc6DE4d7,18
DappRadar,RADAR,0x44709a920fccf795fbc57baa433cc3dd53c44dbe,18
Sipher Token,SIPHER,0x9F52c8ecbEe10e00D9faaAc5Ee9Ba0fF6550F511,18
Cryptex,CTX,0x321c2fe4446c7c963dc41dd58879af648838f98d,18
Rigo Token,GRG,0x4fbb350052bca5417566f188eb2ebce5b19bc964,18
Aurox Token,URUS,0xc6dddb5bc6e61e0841c54f3e723ae1f3a807260b,18
FreewayToken,FWT,0x20e7125677311fca903a8897042b9983f22ea295,18
DSLA,DSLA,0x3affcca64c2a6f4e3b6bd9c64cd2c969efd1ecbe,18
Aladdin Token,ALD,0xb26C4B3Ca601136Daf98593feAeff9E0CA702a8D,18
Ferrum Network Token,FRM,0xe5caef4af8780e59df925470b050fb23c43ca68c,6
EligmaToken,ELI,0xc7c03b8a3fc5719066e185ea616e87b88eba44a3,18
BioPassport Coin,BIOT,0xc07A150ECAdF2cc352f5586396e344A6b17625EB,9
dHedge DAO Token,DHT,0xca1207647Ff814039530D7d35df0e1Dd2e91Fa84,18
hoge.finance,HOGE,0xfad45e47083e4607302aa43c65fb3106f1cd7607,9
Lords,LORDS,0x686f2404e77ab0d9070a46cdfb0b7fecdd2318b0,18
BNC,xcBNC,0x1Fd097B75679a2896c007da75F4C74598A46bB7E,12
Botto,BOTTO,0x9dfad1b7102d46b1b197b90095b5c4e9f5845bba,18
Walton,WTC,0xb7cb1c96db6b22b0d3d9536e0108d062bd488f74,18
Civilization,CIV,0x37fe0f067fa808ffbdd12891c0858532cfe7361d,18
SOPH AI Token,SOPH,0x73fBD93bFDa83B111DdC092aa3a4ca77fD30d380,18
Shyft [ Wrapped ],SHFT,0xb17c88bda07d28b3838e0c1de6a30eafbcf52d85,18
Jupiter,JUP,0x4B1E80cAC91e2216EEb63e29B957eB91Ae9C2Be8,18
Hop,HOP,0xc5102fe9359fd9a28f877a67e36b0f050d81a3cc,18
Agoras Token,AGRS,0x738865301a9b7dd80dc3666dd48cf034ec42bdda,8
SpookyToken,BOO,0x55af5865807b196bd0197e0902746f31fbccfa58,18
Neos Credits,NCR,0xdb5c3c46e28b53a39c255aa39a411dd64e5fed9c,18
Block-Chain.com Token,BC,0x2ecb13a8c458c379c4d9a7259e202de03c8f3d19,18
TORN Token,TORN,0x77777feddddffc19ff86db637967013e6c6a116c,18
FORE Protocol,FORE,0xb2ee0adbe0ef1281025d0676511bb1df14600f4d,18
Exeedme,XED,0xee573a945b01b788b9287ce062a0cfc15be9fd86,18
Jarvis Reward Token,JRT,0x8a9c67fee641579deba04928c4bc45f66e26343a,18
SAN,SAN,0x7c5a0ce9267ed19b22f8cae653f198e3e8daf098,18
DAFI Token,DAFI,0xfc979087305a826c2b2a0056cfaba50aad3e6439,18
BlocksquareToken,BST,0x509A38b7a1cC0dcd83Aa9d06214663D9eC7c7F4a,18
XDEFI,XDEFI,0x72b886d09c117654ab7da13a14d603001de0b777,18
MultiVAC,MTV,0x6226e00bCAc68b0Fe55583B90A1d727C14fAB77f,18
Ethos Reserve Note,ERN,0x91a69021b0baef3445e51726458a0ce601471846,18
BOSAGORA,BOA,0x746dda2ea243400d5a63e0700f190ab79f06489e,7
UnoRe,UNO,0x474021845c4643113458ea4414bdb7fb74a01a77,18
LockTrip,LOC,0x5e3346444010135322268a4630d2ed5f8d09446c,18
PAID Network,PAID,0x1614f18fc94f47967a3fbe5ffcd46d4e7da3d787,18
mStable USD,mUSD,0xe2f2a5c287993345a840db3b0845fbc70f5935a5,18
GOVI,GOVI,0xeeaa40b28a2d1b0b08f6f97bb1dd4b75316c6107,18
OCC,OCC,0x2f109021afe75b949429fe30523ee7c0d5b27207,18
ECO,ECO,0x8dbf9a4c99580fc7fd4024ee08f3994420035727,18
RED MWAT,MWAT,0x6425c6be902d692ae2db752b3c268afadb099d3b,18
unshETHing_Token,USH,0xe60779cc1b2c1d0580611c526a8df0e3f870ec48,18
LocalCoinSwap Cryptoshare,LCS,0xaa19961b6b858d9f18a115f25aa1d98abc1fdba8,18
Blockport,BPT,0x327682779bab2bf4d1337e8974ab9de8275a7ca8,18
IPOR Token,IPOR,0x1e4746dc744503b53b4a082cb3607b169a289090,18
SunContract,SNC,0xF4134146AF2d511Dd5EA8cDB1C4AC88C57D60404,18
UnmarshalToken,MARSH,0x5a666c7d92e5fa7edcb6390e4efd6d0cdd69cf37,18
Chain Games,CHAIN,0xC4C2614E694cF534D407Ee49F8E44D125E4681c4,18
B.Protocol,BPRO,0xbbbbbbb5aa847a2003fbc6b5c16df0bd1e725f61,18
GamerCoin,GHX,0x728f30fa2f100742c7949d1961804fa8e0b1387d,18
Quantum,QAU,0x671abbe5ce652491985342e85428eb1b07bc6c64,8
Polkaswap,PSWAP,0x519c1001d550c0a1dae7d1fc220f7d14c2a521bb,18
Robonomics,XRT,0x7de91b204c1c737bcee6f000aaa6569cf7061cb7,9
DAPSTOKEN,DAPS,0x93190dbce9b9bd4aa546270a8d1d65905b5fdd28,18
Adappter Token,ADP,0xc314b0e758d5ff74f63e307a86ebfe183c95767b,18
Cashaa,CAS,0xe8780b48bdb05f928697a5e8155f672ed91462f7,18
1World,1WO,0xfdbc1adc26f0f8f8606a5d63b7d3a3cd21c22b23,8
STIMA,STIMA,0xD2e5decc08A80be6538F89f9AB8ff296e2f724Df,6
DeFiYieldProtocol,DYP,0x961C8c0B1aaD0c0b10a51FeF6a867E3091BCef17,18
Yieldification,YDF,0x30dcba0405004cf124045793e1933c798af9e66a,18
Solidly,SOLID,0x777172d858dc1599914a1c4c6c9fc48c99a60990,18
CryptoFranc,XCHF,0xb4272071ecadd69d933adcd19ca99fe80664fc08,18
Bend Token,BEND,0x0d02755a5700414b26ff040e1de35d337df56218,18
Umbrella,UMB,0x6fc13eace26590b80cccab1ba5d51890577d83b2,18
XMON,XMON,0x3aaDA3e213aBf8529606924d8D1c55CbDc70Bf74,18
Lattice Token,LTX,0xa393473d64d2F9F026B60b6Df7859A689715d092,8
AQTIS Token,AQTIS,0x6ff2241756549b5816a177659e766eaf14b34429,18
NanoByte Token,NBT,0x446F2A8A39Cc730ef378Be759A3c57f1a3fE824c,18
Send,send,0x3f14920c99beb920afa163031c4e47a3e03b3e4a,0
EVAI.IO,EVAI,0x50f09629d0afdf40398a3f317cc676ca9132055c,8
InsurAce,INSUR,0x544c42fbb96b39b21df61cf322b5edc285ee7429,18
Bridge,BRG,0xc9c4fd7579133701fa2769b6955e7e56bb386db1,18
k21.kanon.art,K21,0xb9d99c33ea2d86ec5ec6b8a4dd816ebba64404af,18
All Sports Coin,SOC,0x2d0e95bd4795d7ace0da3c0ff7b706a5970eb9d3,18
Tether CNH,CNHT,0x6e109e9dd7fa1a58bc3eff667e8e41fc3cc07aef,6
Pet Token,PET,0xb870679a7fa65b924026f496de7f27c1dd0e5c5f,18
Exorde Network Token,EXD,0x02de007d412266a2e0fa9287c103474170f06560,18
Darwinia Network Native Token,RING,0x9469d013805bffb7d3debe5e7839237e535ec483,18
Fractal Protocol Token,FCL,0xf4d861575ecc9493420a3f5a14f85b13f0b50eb3,18
Dragon,DRGN,0x419c4db4b9e25d6db2ad9691ccb832c8d9fda05e,18
PUBLISH,NEWS,0x777fd20c983d6658c1d50b3958b3a1733d1cd1e1,9
Morpheus Infrastructure Token,MITx,0x4a527d8fc13c5203ab24ba0944f4cb14658d1db6,18
DogeGF,DOGEGF,0xfb130d93e49dca13264344966a611dc79a456bc5,18
Alongside Crypto Market Index,AMKT,0xf17a3fe536f8f7847f1385ec1bc967b2ca9cae8d,18
Dvision,DVI,0x10633216e7e8281e33c86f02bf8e565a635d9770,18
MARS4,MARS4,0x16cda4028e9e872a38acb903176719299beaed87,18
Jesus Coin,JESUS,0xba386a4ca26b85fd057ab1ef86e3dc7bdeb5ce70,18
pTokens SAFEMOON,pSAFEMOON,0x16631e53c20fd2670027c6d53efe2642929b285c,18
Bware,INFRA,0x013062189dc3dcc99e9cee714c513033b8d99e3c,18
MEAN,MEAN,0x9b25889c493ae6df34ceef1ecb10d77c1ba73318,6
Partner,PRC,0xcaa05e82bdcba9e25cd1a3bf1afb790c1758943d,8
HooToken,HOO,0xd241d7b5cb0ef9fc79d9e4eb9e21f5e209f52f7d,8
STAT,STAT,0x4fc15c91a9c4a9efb404174464687e8e128730c2,18
Jenny Metaverse DAO Token,uJENNY,0xa499648fd0e80fd911972bbeb069e4c20e68bf22,18
PolkaBridge,PBR,0x298d492e8c1d909d3f63bc4a36c66c64acb3d695,18
Voice Token,VOICE,0x2e2364966267B5D7D2cE6CD9A9B5bD19d9C7C6A9,18
Paint,PAINT,0x4c6ec08cf3fc987c6c4beb03184d335a2dfc4042,18
Spice,SFI,0xb753428af26e81097e7fd17f40c88aaa3e04902c,18
PAR Stablecoin,PAR,0x68037790a0229e9ce6eaa8a99ea92964106c4703,18
DOSE,DOSE,0xb31ef9e52d94d4120eb44fe1ddfde5b4654a6515,18
BlackPool Token,BPT,0x0ec9f76202a7061eb9b3a7d6b59d36215a7e37da,18
Glitch,GLCH,0x038a68ff68c393373ec894015816e33ad41bd564,18
Drops Ownership Power,DOP,0x6bb61215298f296c55b19ad842d3df69021da2ef,18
Everest ID,ID,0xebd9d99a3982d547c5bb4db7e3b1f9f14b67eb83,18
VesperToken,VSP,0x1b40183efb4dd766f11bda7a7c3ad8982e998421,18
ZTCoin,ZT,0xfe39e6a32acd2af7955cb3d406ba2b55c901f247,18
Kylin Network Token,KYL,0x5d07f52ae5f779422447c2a32f58c93a15e7d6f2,18
BoringDAO,BORING,0xbc19712feb3a26080ebf6f2f7849b417fdd792ca,18
CyberMiles,CMT,0xf85feea2fdd81d51177f6b8f35f0e6734ce45f5f,18
Safe Haven Token,SHA,0x40fEd5691e547885cABd7A2990De719DCc8497FC,18
Nerve Network,NVT,0x7b6f71c8b123b38aa8099e0098bec7fbc35b8a13,8
GAMEE,GMEE,0xd9016a907dc0ecfa3ca425ab20b6b785b42f2373,18
XEND,XEND,0xe4cfe9eaa8cdb0942a80b7bc68fd8ab0f6d44903,18
stakedETH,stETH,0xdfe66b14d37c77f4e9b180ceb433d1b164f0281d,18
Cardstack,CARD,0x954b890704693af242613edef1b603825afcd708,18
BiFi,BiFi,0x2791bfd60d232150bff86b39b7146c0eaaa2ba81,18
Lambda,LAMB,0x8971f9fd7196e5cee2c1032b50f656855af7dd26,18
TitanSwap,Titan,0x3A8cCCB969a61532d1E6005e2CE12C200caeCe87,18
ARIVA,ARV,0x79c7ef95ad32dcd5ecadb231568bb03df7824815,8
BTC 2x Flexible Leverage Index,BTC2x-FLI,0x0b498ff89709d3838a063f1dfa463091f9801c2b,18
BaoToken,BAO,0x374cb8c27130e2c9e04f44303f3c8351b9de61c1,18
FOAM Token,FOAM,0x4946fcea7c692606e8908002e55a582af44ac121,18
Geeq,GEEQ,0x6B9f031D718dDed0d681c20cB754F97b3BB81b78,18
Banana,BANANA,0x94e496474f1725f1c1824cb5bdb92d7691a4f03a,18
Kromatika,KROM,0x3af33bef05c2dcb3c7288b77fe1c8d2aeba4d789,18
ASIA COIN,ASIA,0xf519381791c03dd7666c142d4e49fd94d3536011,18
Juggernaut DeFi,JGN,0x73374Ea518De7adDD4c2B624C0e8B113955ee041,18
qiibeeCoin,QBX,0x26E1f9F817b3b5FC2146c01ae34826593E593962,18
Donut,DONUT,0xc0f9bd5fa5698b6505f643900ffa515ea5df54a9,18
Salt,SALT,0x4156D3342D5c385a87D264F90653733592000581,8
TXA,TXA,0x4463e6a3ded0dbe3f6e15bc8420dfc55e5fea830,18
ProBit Token,PROB,0xfb559ce67ff522ec0b9ba7f5dc9dc7ef6c139803,18
Behodler.io,EYE,0x155ff1A85F440EE0A382eA949f24CE4E0b751c65,18
SHARBI,$SHARBI,0xF3A3023e6Dede84AD88a656A3269F2A36e83c9a9,9
UCASH,UCASH,0x92e52a1a235d9a103d970901066ce910aacefd37,8
Ixs Token,IXS,0x73d7c860998ca3c01ce8c808f5577d94d545d1b4,18
GHOST,GHOST,0x4c327471C44B2dacD6E90525f9D629bd2e4f662C,18
Sandclock,QUARTZ,0xba8a621b4a54e61c442f5ec623687e2a942225ef,18
Oneledger Token,OLT,0x64a60493d888728cf42616e034a0dfeae38efcf0,18
EUROe Stablecoin,EUROe,0x820802fa8a99901f52e39acd21177b0be6ee2974,6
PEAKDEFI,PEAK,0x630d98424efe0ea27fb1b3ab7741907dffeaad78,8
LAtoken,LA,0xe50365f5d679cb98a1dd62d6f6e58e59321bcddf,18
Blockchain Certified Data Token,BCDT,0xacfa209fb73bf3dd5bbfb1101b9bc999c49062a5,18
AAG,AAG,0x5ba19d656b65f1684cfea4af428c23b9f3628f97,18
Meta,MTA,0xa3BeD4E1c75D00fa6f4E5E6922DB7261B5E9AcD2,18
BDPToken,BDP,0xf3dcbc6d72a4e1892f7917b7c43b74131df8480e,18
Aviator,AVI,0xd2bdaaf2b9cc6981fd273dcb7c04023bfbe0a7fe,18
PoolTogether,POOL,0x0cec1a9154ff802e7934fc916ed7ca50bde6844e,18
DIGITAL FITNESS,DEFIT,0x84cffa78b2fbbeec8c37391d2b12a04d2030845e,18
Kine Governance Token,KINE,0xcbfef8fdd706cde6f208460f2bf39aa9c785f05d,18
Launchpool token,LPOOL,0x6149c26cd2f7b5ccdb32029af817123f6e37df5b,18
GraphLinq,GLQ,0x9f9c8ec3534c3ce16f928381372bfbfbfb9f4d24,18
Rapids,RPD,0x4bf4f2ea258bf5cb69e9dc0ddb4a7a46a7c10c53,18
Strong,STRONG,0x990f341946A3fdB507aE7e52d17851B87168017c,18
Deri,DERI,0xa487bf43cf3b10dffc97a9a744cbb7036965d3b9,18
Swapr,SWPR,0x6cacdb97e3fc8136805a9e7c342d866ab77d0957,18
Perion Credits,PERC,0x60be1e1fe41c1370adaf5d8e66f07cf1c2df2268,18
Revest,RVST,0x120a3879da835a5af037bb2d1456bebd6b54d4ba,18
moda,MODA,0x1117ac6ad6cdf1a3bc543bad3b133724620522d5,18
Monetha,MTH,0xaf4dce16da2877f8c9e00544c93b62ac40631f16,5
Flute,FLUT,0x4f08705fb8f33affc231ed66e626b40e84a71870,11
WOM Token,WOM,0xBd356a39BFf2cAda8E9248532DD879147221Cf76,18
Polkamon,PMON,0x1796ae0b0fa4862485106a0de9b654efe301d0b2,18
Monolith,TKN,0xaaaf91d9b90df800df4f55c205fd6989c977e73a,8
GoBlank Token,BLANK,0x41a3dba3d677e573636ba691a70ff2d606c29666,18
HYVE,HYVE,0xd794DD1CAda4cf79C9EebaAb8327a1B0507ef7d4,18
YAM,YAM,0x0AaCfbeC6a24756c20D41914F2caba817C0d8521,18
Lithium,LITH,0x188e817b02e635d482ae4d81e25dda98a97c4a42,18
CheckDot,CDT,0xcdb37a4fbc2da5b78aa4e41a432792f9533e85cc,18
Sentivate,SNTVT,0x7865af71cf0b288b4e7f654f4f7851eb46a2b7f8,18
Compound 0x,cZRX,0xb3319f5d18bc0d84dd1b4825dcde5d5f7266d407,8
Cindicator,CND,0xd4c435f5b09f855c3317c8524cb1f586e42795fa,18
InnovaMinex,MINX,0xae353daeed8dcc7a9a12027f7e070c0a50b7b6a4,6
Eden,EDEN,0x1559fa1b8f28238fd5d76d9f434ad86fd20d1559,18
StackOS,STACK,0x56a86d648c435dc707c8405b78e2ae8eb4e60ba4,18
Xaurum,Xaurum,0x4DF812F6064def1e5e029f1ca858777CC98D2D81,8
NFT INDEX,NFTI,0xe5feeac09d36b18b3fa757e5cf3f8da6b8e27f4c,18
BreederDAO,BREED,0x94E9EB8b5Ab9fd6B9ea3169D55FFAde62a01702e,18
DuckDaoDime,DDIM,0xFbEEa1C75E4c4465CB2FCCc9c6d6afe984558E20,18
Just Data from Blockchain,JDB,0xbad96ea5d43156a99a94cd1fd36a330aa7e2273e,18
PILLAR,PLR,0xe3818504c1b32bf1557b16c238b2e01fd3149c17,18
TOP Network,TOP,0xdcd85914b8ae28c1e62f1c488e1d968d5aaffe2b,18
UCOT,UCT,0x3c4bEa627039F0B7e7d21E34bB9C9FE962977518,18
Plasma,PPAY,0x054D64b73d3D8A21Af3D764eFd76bCaA774f3Bb2,18
Tierion Network Token,TNT,0x08f5a9235b08173b7569f83645d2c7fb55e8ccd8,8
SHOPX,SHOPX,0x7bef710a5759d197ec0bf621c3df802c2d60d848,18
DAEX Token,DAX,0x0b4bdc478791897274652dc15ef5c135cae61e60,18
Digix Gold Token,DGX,0x4f3afec4e5a3f2a6a1a411def7d7dfe50ee057bf,9
Throne,THN,0x2e95cea14dd384429eb3c4331b776c4cfbb6fcd9,18
ATN,ATN,0x461733c17b0755ca5649b6db08b3e213fcf22546,18
ClinTex CTI,CTI,0xcB8fb2438A805664cD8c3e640b85AC473DA5BE87,18
SWINGBY token,SWINGBY,0x8287c7b963b405b7b8d467db9d79eec40625b13a,18
VideoCoin,VID,0x2c9023bbc572ff8dc1228c7858a280046ea8c9e5,18
SIREN,SI,0xD23Ac27148aF6A2f339BD82D0e3CFF380b5093de,18
RAZOR,RAZOR,0x50de6856358cc35f3a9a57eaaa34bd4cb707d2cd,18
CoinUs,CNUS,0x722f2f3eac7e9597c73a593f7cf3de33fbfc3308,18
O3 Swap Token,O3,0xee9801669c6138e84bd50deb500827b776777d28,18
GRID,GRID,0x12b19d3e2ccc14da04fae33e63652ce469b3f2fd,12
TrueFlip,TFL,0xa7f976c360ebbed4465c2855684d1aae5271efa9,8
AtariToken,ATRI,0xdacD69347dE42baBfAEcD09dC88958378780FB62,0
COS,COS,0x7d3cb11f8c13730c24d01826d8f2005f0e1b348f,18
Posscoin,POSS,0x6b193e107a773967bd821bcf8218f3548cfa2503,18
XMAX,XMX,0x0f8c45b896784a1e408526b9300519ef8660209c,8
Coin Merge,CMERGE,0xC48b4814fAEd1CCc885DD6fDe62A6474AeCbb19a,9
Mithril Token,MITH,0x3893b9422cd5d70a81edeffe3d5a1c6a978310bb,18
Atomic Wallet Token,AWC,0xad22f63404f7305e4713ccbd4f296f34770513f4,8
Centra,CTR,0x96A65609a7B84E8842732DEB08f56C3E21aC6f8a,18
DaTa eXchange Token,DTX,0x765f0c16d1ddc279295c1a7c24b0883f62d33f75,18
Populous,PPT,0xd4fa1460f537bb9085d22c7bccb5dd450ef28e3a,8
Dentacoin,Dentacoin,0x08d32b0da63e2C3bcF8019c9c5d849d7a9d791e6,0
TenXPay,PAY,0xB97048628DB6B661D4C2aA833e95Dbe1A905B280,18
Tokenomy,TEN,0xdd16ec0f66e54d453e6756713e533355989040e4,18
UNCL,UNCL,0x2f4eb47A1b1F4488C71fc10e39a4aa56AF33Dd49,18
ZAP TOKEN,ZAP,0x6781a0f84c7e9e846dcb84a9a5bd49333067b104,18
shroom.finance,SHROOM,0xed0439eacf4c4965ae4613d77a5c2efe10e5f183,18
PIKA,PIKA,0x60f5672a271c7e39e787427a18353ba59a4a3578,18
TOWER,TOWER,0x1c9922314ed1415c95b9fd453c3818fd41867d0b,18
Edgeless,EDG,0x08711d3b02c8758f2fb3ab4e80228418a7f8e39c,0
CACHE Gold,CGT,0xf5238462e7235c7b62811567e63dd17d12c2eaa0,8
Idexo Token,IDO,0xf9c53268e9de692ae1b2ea5216e24e1c3ad7cb1e,18
Antimatter.Finance Governance Token,MATTER,0x9b99cca871be05119b2012fd4474731dd653febe,18
Convergence,CONV,0xc834fa996fa3bec7aad3693af486ae53d8aa8b50,18
SHOP,SHOP,0x64b78325d7495D6d4be92f234fa3f3B8d8964B8b,18
WaykiCoin,WIC,0x4f878c0852722b0976a955d68b376e4cd4ae99e5,8
RUBIC TOKEN,RBC,0x3330bfb7332ca23cd071631837dc289b09c33333,18
DOVU,DOV,0xac3211a5025414af2866ff09c23fc18bc97e79b1,18
CoinMerge OS,CMOS,0x87869a9789291a6cec99f3c3ef2ff71fceb12a8e,9
Fodl,FODL,0x4c2e59d098df7b6cbae0848d66de2f8a4889b9c3,18
UNIC,UNIC,0x94e0bab2f6ab1f19f4750e42d7349f2740513ad5,18
DivergenceProtocol,DIVER,0xfb782396c9b20e564a64896181c7ac8d8979d5f4,18
Virtue Player Points,VPP,0x5eeaa2dcb23056f4e8654a349e57ebe5e76b5e6e,18
Triall,TRL,0x58f9102bf53cf186682bd9a281d3cd3c616eec41,18
Bloom,BLT,0x107c4504cd79c5d2696ea0030a8dd4e92601b82e,18
Arcona Distribution Contract,ARCONA,0x0f71b8de197a1c84d31de0f1fa7926c365f052b3,18
CarLive Chain,IOV,0x0e69d0a2bbb30abcb7e5cfea0e4fde19c00a8d47,8
Lympo tokens,LYM,0xc690f7c7fcffa6a82b79fab7508c466fefdfc8c5,18
NAOSToken,NAOS,0x4a615bb7166210cce20e6642a6f8fb5d4d044496,18
Education,LEDU,0xc741f06082aa47f93729070ad0dd95e223bda091,8
CheemsInu,CINU,0xa64d5d1eb67748226d84812b45711453f1118c32,9
Tidal Token,TIDAL,0x29cbd0510eec0327992cd6006e63f9fa8e7f33b7,18
Furucombo,COMBO,0xffffffff2ba8f66d4e51811c5190992176930278,18
Curate,XCUR,0xE1c7E30C42C24582888C758984f6e382096786bd,8
Airbloc,ABL,0xf8b358b3397a8ea5464f8cc753645d42e14b79ea,18
KleeKai,KLEE,0xA67E9F021B9d208F7e3365B2A155E3C55B27de71,9
iQeon,IQN,0x0db8d8b76bc361bacbb72e2c491e06085a97ab31,18
vEmpire Gamer Token,VEMP,0xcfeb09c3c5f0f78ad72166d55f9e6e9a60e96eec,18
CARD.STARTER,CARDS,0x3d6f0dea3ac3c607b3998e6ce14b6350721752d9,18
SafeMoon Inu,SMI,0xcd7492db29e2ab436e819b249452ee1bbdf52214,8
DecentraWeb,DWEB,0xE7f58A92476056627f9FdB92286778aBd83b285F,18
OddzToken,ODDZ,0xcd2828fc4d8e8a0ede91bb38cf64b1a81de65bf6,18
Vabble,VAB,0xe7ae6d0c56cacaf007b7e4d312f9af686a9e9a04,18
Tadpole,TAD,0x9f7229aF0c4b9740e207Ea283b9094983f78ba04,18
NFTY Token,NFTY,0xe1d7c7a4596b038ced2a84bf65b8647271c53208,18
VCGamers,VCG,0x1f36fb2d91d9951cf58ae4c1956c0b77e224f1e9,18
RipioCreditNetwork,RCN,0xf970b8e36e23f7fc3fd752eea86f8be8d83375a6,18
Idavoll,IDV,0x45448e05020576929fcdeabc228e35b420098840,18
Free Coin,FREE,0x2f141ce366a2462f02cea3d12cf93e4dca49e4fd,18
Armor,ARMOR,0x1337def16f9b486faed0293eb623dc8395dfe46a,18
Moeda Loyalty Points,MDA,0x51db5ad35c671a87207d88fc11d593ac0c8415bd,18
Nord Token,NORD,0x6e9730ecffbed43fd876a264c982e254ef05a0de,18
Game Coin,GAME,0xd567b5f02b9073ad3a982a099a23bf019ff11d1c,5
Fable Of The Dragon,TYRANT,0x8ee325ae3e54e83956ef2d5952d3c8bc1fa6ec27,9
Whiteheart Token,WHITE,0x5f0e628b693018f639d10e4a4f59bd4d8b2b6b44,18
Blockchain Monster Coin,BCMC,0x2BA8349123de45E931a8C8264c332E6e9CF593F9,18
Enigma,ENG,0xf0ee6b27b759c9893ce4f094b49ad28fd15a23e4,8
Rating,Rating,0xe8663a64a96169ff4d95b4299e7ae9a76b905b31,8
Leverj Gluon,L2,0xbbff34e47e559ef680067a6b1c980639eeb64d24,18
ARTH Valuecoin,ARTH,0x8CC0F052fff7eaD7f2EdCCcaC895502E884a8a71,18
SIRIN,SRN,0x68d57c9a1c35f63e2c83ee8e49a64e9d70528d25,18
AMLT,AMLT,0xca0e7269600d353f70b14ad118a49575455c0f2f,18
GAT,GAT,0x687174f8c49ceb7729d925c3a961507ea4ac7b28,18
Nation3,NATION,0x333A4823466879eeF910A04D473505da62142069,18
SocialGood,SG,0xddf7fd345d54ff4b40079579d4c4670415dbfd0a,18
XRUNE Token,XRUNE,0x69fa0fee221ad11012bab0fdb45d444d3d2ce71c,18
Kuma Inu,KUMA,0x48c276e8d03813224bb1e55f953adb6d02fd3e02,18
Mothership,MSP,0x68AA3F232dA9bdC2343465545794ef3eEa5209BD,18
Scalara NFT Index,NFTI,0x525ef76138bf76118d786dbedeae5f87aabf4a81,18
Avocado DAO Token,AVG,0xa41f142b6eb2b164f8164cae0716892ce02f311f,18
Tolar Token,TOL,0xd07d9fe2d2cc067015e2b4917d24933804f42cfa,18
BlockchainSpace,GUILD,0x83e9f223e1edb3486f876ee888d76bfba26c475a,18
Gro DAO Token,GRO,0x3ec8798b81485a254928b70cda1cf0a2bb0b74d7,18
Woofy,WOOFY,0xd0660cd418a64a1d44e9214ad8e459324d8157f1,12
GeneraitivAI,GAI,0x0d8ca4b20b115d4da5c13dc45dd582a5de3e78bf,18
pTokens ORE,ORE,0x4f640f2529ee0cf119a2881485845fa8e61a782a,18
DxSale.Network,SALE,0xF063fE1aB7a291c5d06a86e14730b00BF24cB589,18
Pawthereum,PAWTH,0xaecc217a749c2405b5ebc9857a16d58bdc1c367f,9
NONbeta,NON,0x6100dd79fcaa88420750dcee3f735d168abcb771,18
Sharedstake.finance,SGT,0x24c19f7101c1731b85f1127eaa0407732e36ecdd,18
BOB Token,BOB,0xDF347911910b6c9A4286bA8E2EE5ea4a39eB2134,18
Patientory,PTOY,0x8ae4bf2c33a8e667de34b54938b0ccd03eb8cc06,8
CryptalDash,CRD,0xcaaa93712bdac37f736c323c93d4d5fdefcc31cc,18
CPChain,CPC,0xfAE4Ee59CDd86e3Be9e8b90b53AA866327D7c090,18
Humaniq,HMQ,0xcbcc0f036ed4788f63fc0fee32873d6a7487b908,8
Tranche Finance,SLICE,0x0aee8703d34dd9ae107386d3eff22ae75dd616d1,18
LFG Token [via ChainPort.io],LFG,0x969786c4a8884013d1c9ff18dcca2aedbbbfaa8f,18
Unistake,UNISTAKE,0x9Ed8e7C9604790F7Ec589F99b94361d8AAB64E5E,18
Bread,BRD,0x558ec3152e2eb2174905cd19aea4e34a23de9ad6,18
Aurora,AOA,0x9ab165d795019b6d8b3e971dda91071421305e5a,18
NFTrade Token,NFTD,0x8e0fe2947752be0d5acf73aae77362daf79cb379,18
Handy Token,HANDY,0x8bbe1a2961B41340468D0548c2cd5B7DFA9b684c,18
Digg,DIGG,0x798d1be841a82a273720ce31c822c61a67a601c3,9
Streamity,STM,0x0e22734e078d6e399bcee40a549db591c4ea46cb,18
LSD Coin,LSD,0xfac77a24e52b463ba9857d6b758ba41ae20e31ff,18
Trace Network,TRACE,0x9f7fc686cfd64aa5ae15b351d03071e91533094b,18
ChainPort Token,PORTX,0x104f3152d8ebfc3f679392977356962ff36566ac,18
Revomon,REVO,0x155040625d7ae3e9cada9a73e3e44f76d3ed1409,18
TownCoin,TOWN,0x3Dd98C8A089dBCFF7e8FC8d4f532BD493501Ab7F,8
Public Mint,MINT,0x0cdf9acd87e940837ff21bb40c9fd55f68bba059,18
Minds,MINDS,0xb26631c6dda06ad89b93c71400d25692de89c068,18
yAxis V2,YAXIS,0x0ada190c81b814548ddc2f6adc4a689ce7c1fe73,18
ETHPAD.network,ETHPAD,0x8db1d28ee0d822367af8d220c0dc7cb6fe9dc442,18
Gather,GTH,0xeb986DA994E4a118d5956b02d8b7c3C7CE373674,18
NANJCOIN,NANJ,0xffe02ee4c69edf1b340fcad64fbd6b37a7b9e265,8
PieDAO DOUGH v2,DOUGH,0xad32A8e6220741182940c5aBF610bDE99E737b2D,18
FLIP,FLP,0x3a1bda28adb5b0a812a7cf10a1950c920f79bcd3,18
BGGToken,BGG,0xea54c81fe0f72de8e86b6dc78a9271aa3925e3b5,18
Hakka Finance,HAKKA,0x0E29e5AbbB5FD88e28b2d355774e73BD47dE3bcd,18
Flixx,FLIXX,0xf04a8ac553fcedb5ba99a64799155826c136b0be,18
NEXT,NEXT,0x377d552914e7a104bc22b4f3b6268ddc69615be7,18
USDK,USDK,0x1c48f86ae57291f7686349f12601910bd8d470bb,18
https://unimex.network/,UMX,0x10be9a8dae441d276a5027936c3aaded2d82bc15,18
8PAY Network,8PAY,0xfeea0bdd3d07eb6fe305938878c0cadbfa169042,18
Integral,ITGR,0xd502f487e1841fdc805130e13eae80c61186bc98,18
Rio Fuel Token,RFuel,0xaf9f549774ecedbd0966c52f250acc548d3f36e5,18
W GREEN PAY,WGP,0xdd94842c15abfe4c9bafe4222ade02896beb064c,18
UREEQA Token,URQA,0x1735db6ab5baa19ea55d0adceed7bcdc008b3136,18
MoneyToken,IMT,0x13119e34e140097a507b07a5564bde1bc375d9e6,18
UnFederalReserveToken,eRSDL,0x5218E472cFCFE0b64A064F055B43b4cdC9EfD3A6,18
Mogul Stars,STARS,0xc55c2175e90a46602fd42e931f62b3acc1a013ca,18
Covesting,COV,0xADA86b1b313D1D5267E3FC0bB303f0A2b66D0Ea7,18
Bezop,Bez,0x8a1e3930fde1f151471c368fdbb39f3f63a65b55,18
IOI Token,IOI,0x8b3870df408ff4d7c3a26df852d41034eda11d81,6
Goons of Balatroon,GOB,0xd6929179d752d5d25c5efe2d9729eb77d7138a80,18
GSENetwork,GSE,0xe530441f4f73bdb6dc2fa5af7c3fc5fd551ec838,4
Reserve,RSV,0x196f4727526eA7FB1e17b2071B3d8eAA38486988,18
BIXToken,BIX,0x009c43b42aefac590c719e971020575974122803,18
EASY V2,EZ,0x00aba6fe5557de1a1d565658cbddddf7c710a1eb,18
Brokoli Token,BRKL,0x4674a4f24c5f63d53f22490fb3a08eaaad739ff8,18
Decentr,DEC,0x30f271C9E86D2B7d00a6376Cd96A1cFBD5F0b9b3,18
Ceres,CERES,0x2e7b0d4f9b2eaf782ed3d160e3a0a4b1a7930ada,18
Baanx,BXX,0x6b1a8f210ec6b7b6643cea3583fb0c079f367898,18
LGO Token,LGO,0x0a50c93c762fdd6e56d86215c24aaad43ab629aa,8
indaHash Coin,IDH,0x5136c98a80811c3f46bdda8b5c4555cfd9f812f0,6
SENTinel,SENT,0xa44e5137293e855b1b7bc7e2c6f8cd796ffcb037,8
Flyp.me,FYP,0x8f0921f30555624143d427b340b1156914882c10,18
Snetwork,SNET,0xff19138b039d938db46bdda0067dc4ba132ec71c,8
MetaFabric,FABRIC,0x8c6Fa66c21aE3fC435790E451946a9Ea82E6e523,18
Nifty League,NFTL,0x3c8D2FCE49906e11e71cB16Fa0fFeB2B16C29638,18
ESSENTIA,ESS,0xfc05987bd2be489accf0f509e44b0145d68240f7,18
Life Crypto,LIFE,0x6c936d4ae98e6d2172db18c16c4b601c99918ee6,18
Nebulas,NAS,0x5d65D971895Edc438f465c17DB6992698a52318D,18
Falcon,FNT,0xdc5864ede28bd4405aa04d93e05a0531797d9d59,6
NapoleonX,NPX,0x28b5e12cce51f15594b0b91d5b5adaa70f684a02,2
STAKE,STAKE,0x0Ae055097C6d159879521C384F1D2123D1f195e6,18
DePay,DEPAY,0xa0bEd124a09ac2Bd941b10349d8d224fe3c955eb,18
Butterfly Protocol Governance Token,BFLY,0xf680429328caaacabee69b7a9fdb21a71419c063,18
Jigstack,STAK,0x1f8a626883d7724dbd59ef51cbd4bf1cf2016d13,18
EZOOW,EZW,0x78a2a1029e3168b49d3a276c787050ff5106dcf2,18
Herocoin,PLAY,0xe477292f1b3268687a29376116b0ed27a9c76170,18
Carbon,CRBN,0xCdeee767beD58c5325f68500115d4B722b3724EE,18
Mettalex,MTLX,0x2e1E15C44Ffe4Df6a0cb7371CD00d5028e571d14,18
PHI Token,PHI,0x13c2fab6354d3790d8ece4f0f1a3280b4a25ad96,18
xToken,XTK,0x7f3edcdd180dbe4819bd98fee8929b5cedb3adeb,18
PumaPay,PMA,0x846c66cf71c43f80403b51fe3906b3599d63336f,18
YEL Token,YEL,0x7815bda662050d84718b988735218cffd32f75ea,18
Lendingblock,LND,0x0947b0e6d821378805c9598291385ce7c791a6b2,18
Genesis Vision,GVT,0x103c3A209da59d3E7C4A89307e66521e081CFDF0,18
Upfiring,UFR,0xea097a2b1db00627b2fa17460ad260c016016977,18
RvT,RVT,0x3d1ba9be9f66b8ee101911bc36d3fb562eac2244,18
Katalyo Token,KTLYO,0x24E3794605C84E580EEA4972738D633E8a7127c8,18
SHIKOKU INU,SHIK,0x24da31e7bb182cb2cabfef1d88db19c2ae1f5572,18
UltrainGas,UGAS,0x8716fc5da009d3a208f0178b637a50f4ef42400f,18
Raiden,RDN,0x255aa6df07540cb5d3d297f0d0d4d84cb52bc8e6,18
X8XToken,X8X,0x910dfc18d6ea3d6a7124a6f8b5458f281060fa4c,18
Tidex Token,TDX,0x317eb4ad9cfac6232f0046831322e895507bcbeb,18
Amplifi,AMPLIFI,0xD23367155B55d67492DFDC0FC7f8bB1dF7114fD9,18
Bent Token,BENT,0x01597e397605bf280674bf292623460b4204c375,18
AdToken,ADT,0xd0d6d6c5fe4a677d343cc433536bb717bae167dd,9
Hydro Protocol,HOT,0x9af839687f6c94542ac5ece2e317daae355493a1,18
TieToken,TIE,0x999967e2ec8a74b7c8e9db19e039d920b31d39d0,18
SwarmCity,SWT,0xb9e7f8568e08d5659f5d29c4997173d84cdf2607,18
Calvaria: Duels of Eternity,RIA,0x9b110Fda4E20DB18Ad7052f8468a455de7449eb6,18
Polkalokr,LKR,0x80ce3027a70e0a928d9268994e9b85d03bd4cdcf,18
Vibe Coin,VIBE,0xe8ff5c9c75deb346acac493c463c8950be03dfba,18
Shirtum,SHI,0xad996a45fd2373ed0b10efa4a8ecb9de445a4302,18
Pinknode Token,PNODE,0xaf691508ba57d416f895e32a1616da1024e882d2,18
Arbismart Token,RBIS,0xf34b1db61aca1a371fe97bad2606c9f534fb9d7d,18
Artify,AFY,0xa41161af8d4ee421ba5fed4328f2b12034796a21,18
FBX Token,FBX,0x5de597849cf72c72f073e9085bdd0dadd8e6c199,18
Smart Advertising Transaction Token,SATT,0xdf49c9f599a0a9049d97cff34d0c30e468987389,18
Hiveterminal Token,HVN,0xC0Eb85285d83217CD7c891702bcbC0FC401E2D9D,8
Wrapped ETHO,ETHO,0x0b5326da634f9270fb84481dd6f94d3dc2ca7096,18
DAV Token,DAV,0xd82df0abd3f51425eb15ef7580fda55727875f14,18
Opium Governance Token,OPIUM,0x888888888889c00c67689029d7856aac1065ec11,18
ChangeBank,CAG,0x7d4b8cce0591c9044a22ee543533b72e976e36c3,18
LunaChow,LUCHOW,0xa5ef74068d04ba0809b7379dd76af5ce34ab7c57,18
OCoin,OCN,0x4092678e4e78230f46a1534c0fbc8fa39780892b,18
Unido,UDO,0xea3983fc6d0fbbc41fb6f6091f68f3e08894dc06,18
Genaro X,GNX,0x6ec8a24cabdc339a06a172f8223ea557055adaa5,9
Standard,STND,0x9040e237c3bf18347bb00957dc22167d0f2b999d,18
Shard,SHARD,0xbebdab6da046bc49ffbb61fbd7b33157eb270d05,18
Kawakami,KAWA,0x5552e5a89a70cb2ef5adbbc45a6be442fe7160ec,9
Simple Token,ST,0x2c4e8f2d746113d0696ce89b35f0d8bf88e0aeca,18
Creaticles,CRE8,0xc36b4311B21Fc0c2eAd46f1eA6ce97c9C4D98D3d,18
BITTO,BITTO,0x55a290f08Bb4CAe8DcF1Ea5635A3FCfd4Da60456,18
CoinFi,COFI,0x3136ef851592acf49ca4c825131e364170fa32b3,18
Fuel Token,FUEL,0xea38eaa3c86c8f9b751533ba2e562deb9acded40,18
NeuroChain Clausius,NCC,0x5d48f293baed247a2d0189058ba37aa238bd4725,18
Signata,SATA,0x3ebb4a4e91ad83be51f8d596533818b246f4bee1,18
DeFiWizard Token,DWZ,0x7dee45dff03ec7137979586ca20a2f4917bac9fa,18
HashCoin,HSC,0x2bba3cf6de6058cc1b4457ce00deb359e2703d7f,18
Autonio,NIOX,0xc813EA5e3b48BEbeedb796ab42A30C5599b01740,4
MT Token,MT,0x9b4e2b4b13d125238aa0480dd42b4f6fc71b37cc,18
WePower,WPR,0x4CF488387F035FF08c371515562CBa712f9015d4,18
ElectrifyAsia,ELEC,0xd49ff13661451313ca1553fd6954bd1d9b6e02b9,18
POLKER,PKR,0x001a8ffcb0f03e99141652ebcdecdb0384e3bd6c,18
Impossible Finance,IF,0xb0e1fc65c1a741b4662b813eb787d369b8614af1,18
TokenClub Token,TCT,0x4824a7b64e3966b0133f4f4ffb1b9d6beb75fff7,18
MobileGo,MGO,0x40395044Ac3c0C57051906dA938B54BD6557F212,8
RightMesh Token,RMESH,0x8d5682941ce456900b12d47ac06a88b47c764ce1,18
Ethereum Blue,BLUE,0x539efe69bcdd21a83efd9122571a64cc25e0282b,8
DeHive.finance,DHV,0x62dc4817588d53a056cbbd18231d91ffccd34b2a,18
MedToken,MTN,0x41dbecc1cdc5517c6f76f6a6e836adbee2754de3,18
PalletOneToken,PTN,0xfe76be9cec465ed3219a9972c21655d57d21aec6,18
Neumark,NEU,0xa823e6722006afe99e91c30ff5295052fe6b8e32,18
INVERSE,XIV,0x44f262622248027f8e2a8fb1090c4cf85072392c,18
IronBank,IB,0x00a35fd824c717879bf370e70ac6868b95870dfb,18
HitchainCoin,HIT,0x7995ab36bb307afa6a683c24a25d90dc1ea83566,6
Everex,EVX,0xf3db5fa2c66b7af3eb0c0b782510816cbe4813b8,4
cVToken,cV,0x50bC2Ecc0bfDf5666640048038C1ABA7B7525683,18
Dether,DTH,0x5adc961d6ac3f7062d2ea45fefb8d8167d44b190,18
LunaFi,LFI,0xee1edd77f16b7867e026a4d32ef45dac852da61f,18
Stox,STX,0x006bea43baa3f7a6f765f14f10a1a1b08334ef45,18
Eden Coin,EDN,0x89020f0D5C5AF4f3407Eb5Fe185416c457B0e93e,18
BTOCoin,BTO,0x36905fc93280f52362a1cbab151f25dc46742fb5,18
IONChain Token,IONC,0xbc647aad10114b89564c0a7aabe542bd0cf2c5af,18
Skrumble Network V2,SKM,0x048fe49be32adfc9ed68c37d32b5ec9df17b3603,18
RUFF,RUFF,0xf278c1ca969095ffddded020290cf8b5c424ace2,18
SNGLS,SNGLS,0xaec2e87e0a235266d9c5adc9deb4b2e29b54d009,0
Omix,OMX,0xb5dbc6d3cf380079df3b27135664b6bcf45d1869,8
LibraToken,LBA,0xfe5f141bf94fe84bc28ded0ab966c16b17490657,18
Etherland,ELAND,0x33e07f5055173cf8febede8b21b12d1e2b523205,18
Vera,VERA,0xd7f0cc50ad69408ae58be033f4f85d2367c2e468,18
XIO Network,XIO,0x0f7F961648aE6Db43C75663aC7E5414Eb79b5704,18
Digital Reserve Currency,DRC,0xa150Db9b1Fa65b44799d4dD949D922c0a33Ee606,0
Finxflo,FXF,0x8a40c222996f9f3431f63bf80244c36822060f12,18
DomRaiderToken,DRT,0x9af4f26941677c706cfecf6d3379ff01bb85d5ab,8
The 4th Pillar Token,FOUR,0x4730fb1463a6f1f44aeb45f6c5c422427f37f4d0,18
renBCH,renBCH,0x459086f2376525bdceba5bdda135e4e9d3fef5bf,8
AppCoins,APPC,0x1a7a8bd9106f2b8d977e08582dc7d24c723ab0db,18
ContentBox Token,BOX,0x63f584fa56e60e4d0fe8802b27c7e6e3b33e007f,18
Inmediate,DIT,0xf14922001a2fb8541a433905437ae954419c2439,8
FTI,FTI,0x943ed852dadb5c3938ecdc6883718df8142de4c8,18
Bethereum,BETHER,0x14c926f2290044b647e1bf2072e67b495eff1905,18
Gas DAO,GAS,0x6bba316c48b49bd1eac44573c5c871ff02958469,18
BCDN,BCDN,0x1e797Ce986C3CFF4472F7D38d5C4aba55DfEFE40,15
Ethereum Gold,ETG,0x28c8d01ff633ea9cd8fc6a451d7457889e698de6,0
QChi,QCH,0x687bfc3e73f6af55f0ccca8450114d107e781a0e,18
DOS Network Token,DOS,0x0A913beaD80F321E7Ac35285Ee10d9d922659cB7,18
BLOCKMASON CREDIT PROTOCOL TOKEN,BCPT,0x1c4481750daa5ff521a2a7490d9981ed46465dbd,18
NeuroToken,NTK,0x69beab403438253f13b6e92db91f7fb849258263,18
PolkaRareToken,PRARE,0x2c2f7e7c5604d162d75641256b80f1bf6f4dc796,18
Delphy Token,DPY,0x6c2adc2073994fb2ccc5032cc2906fa221e9b391,18
MediShares,MDS,0x66186008C1050627F979d464eABb258860563dbE,18
GENE TOKEN (PARKGENE),GENE,0x6dd4e4aad29a40edd6a409b9c1625186c9855b4d,8
Gitcoin Staked ETH Index (gtcETH),gtcETH,0x36c833Eed0D376f75D1ff9dFDeE260191336065e,18
DEBITUM,DEB,0x151202c9c18e495656f372281f493eb7698961d5,18
FintruX Network,FTX,0xd559f20296ff4895da39b5bd9add54b442596a61,18
Follow,FOLO,0xb2a63a5dd36c91ec2da59b188ff047f66fac122a,18
onG,ONG,0xd341d1680eeee3255b8c4c75bcce7eb57f144dae,18
Vader,VADER,0x2602278ee1882889b946eb11dc0e810075650983,18
OTCBTC Token,OTB,0xa86a0da9d05d0771955df05b44ca120661af16de,18
WTT,WTT,0x84119cb33e8f590d75c2d6ea4e6b0741a7494eda,0
Bezoge Earth,BEZOGE,0xdc349913d53b446485e98b76800b6254f43df695,9
Demeter,DEO,0x5e7f20e72c21f6d0bf0a2814fd4164176401cf8e,18
Orion Money Token,ORION,0x727f064a78dc734d33eec18d5370aef32ffd46e4,18
Stacker Ventures Token,STACK,0xe0955f26515d22e347b17669993fcefcc73c3a0a,18
HAC Token,HAC,0x43567eb78638A55bbE51E9f9FB5B2D7AD1F125aa,4
I HOUSE TOKEN,IHT,0xeda8b016efa8b1161208cf041cd86972eee0f31e,18
Niobium,NBC,0x9f195617fa8fbad9540c5d113a99a0a0172aaedc,18
PKG Token,PKG,0x02f2d4a04e6e01ace88bd2cd632875543b2ef577,18
LALA,LALA,0xfd107b473ab90e8fbd89872144a3dc92c40fa8c9,18
Bigbom,BBO,0x84f7c44b6fed1080f647e354d552595be2cc602f,18
AstroTools.io,ASTRO,0xcbd55D4fFc43467142761A764763652b48b969ff,18
BitCapitalVendorToken,BCV,0x1014613e2b3cbc4d575054d4982e580d9b99d7b1,8
FLUX,FLUX,0x469eDA64aEd3A3Ad6f868c44564291aA415cB1d9,18
Cryptonovae,YAE,0x4ee438be38f8682abb089f2bfea48851c5e71eaf,18
ZeusShieldCoin,ZSC,0x7A41e0517a5ecA4FdbC7FbebA4D4c47B9fF6DC63,18
DMarket,DMT,0x2ccbff3a042c68716ed2a2cb0c544a9f1d1935e1,8
BAC,BAC,0x3449fc1cd036255ba1eb19d65ff4ba2b8903a69a,18
Shack Token,SHACK,0x5f018e73C185aB23647c82bD039e762813877f0e,18
Float Bank,BANK,0x24a6a37576377f63f194caa5f518a60f45b42921,18
Dapp Token,DAPPT,0x96184d9C811Ea0624fC30C80233B1d749B9E485B,18
Zipper,ZIP,0xa9d2927d3a04309e008b6af6e2e282ae2952e7fd,18
BitDegree,BDG,0x1961b3331969ed52770751fc718ef530838b6dee,18
iDeFiYieldProtocol,iDYP,0xbd100d061e120b2c67a24453cf6368e63f1be056,18
WINGS,WINGS,0x667088b212ce3d06a1b553a7221E1fD19000d9aF,18
Bee,BEE,0x4d8fc1453a0f359e99c9675954e656d80d996fbf,18
HASHGARD,GARD,0x5c64031c62061865e5fd0f53d3cdaef80f72e99d,18
DAOventuresDeFi,DVD,0x77dce26c03a9b833fc2d7c31c22da4f42e9d9582,18
0xMonero,0xMR,0x035df12e0f3ac6671126525f1015e47d79dfeddf,18
Datum,DAT,0x81c9151de0c8bafcd325a57e3db5a5df1cebf79c,18
Vox.Finance,VOX,0x12D102F06da35cC0111EB58017fd2Cd28537d0e1,18
BabyPunks,BPUNKS,0x095648BC80a7d1Dd16B85E9B84F07463a20f3536,18
Aluna,ALN,0x8185bc4757572da2a610f887561c32298f1a5748,18
Fire Lotto,FLOT,0x049399a6b048d52971f7d122ae21a1532722285f,18
Aditus,ADI,0x8810c63470d38639954c6b41aac545848c46484a,18
DATA Economy Index,DATA,0x33d63ba1e57e54779f7ddaeaa7109349344cf5f1,18
CNN Token,CNN,0x8713d26637cf49e1b6b4a7ce57106aabc9325343,18
Chi Gastoken by 1inch,CHI,0x0000000000004946c0e9F43F4Dee607b0eF1fA1c,0
HYDRO TOKEN,HYDRO,0x946112efab61c3636cbd52de2e1392d7a75a6f01,18
SHIELD,Dejitaru Shirudo,0xcf4c68db4c2fa0bf58df07b14f45ce7709a716ac,18
Indorse,IND,0xf8e386eda857484f5a12e4b5daa9984e06e73705,18
Hermes,HMX,0xb012be90957d70d9a070918027655f998c123a88,18
Primas Token,PST,0x5d4abc77b8405ad177d8ac6682d584ecbfd46cec,18
Internxt,INXT,0x4a8f5f96d5436e43112c2fbc6a9f70da9e4e16d4,8
Blocksport Token,BSPT,0xa350da05405cc204e551c4eed19c3039646528d5,18
Shadows Network,DOWS,0x661ab0ed68000491d98c796146bcf28c20d7c559,18
Digital Files,DIFI,0xC4F521d163d593A759F526DaBf012Cc7581D808F,18
Tripio,TRIO,0x8b40761142b9aa6dc8964e61d0585995425c3d94,18
MidasProtocol,MAS,0x23ccc43365d9dd3882eab88f43d515208f832430,18
Sentinel Chain,SENC,0xa13f0743951b4f6e3e3aa039f682e17279f52bc3,18
Berry,BERRY,0x6aeb95f06cda84ca345c2de0f3b7f96923a44f4c,14
Own,CHX,0x1460a58096d80a50a2f1f956dda497611fa4f165,18
PepeCola,PEPECOLA,0x55fb228730ed971269ebf284c7500d5ff572a141,9
Empty Set Dollar,ESD,0x36F3FD68E7325a35EB768F1AedaAe9EA0689d723,18
Zebi Coin,ZCO,0x2008e3057bd734e10ad13c9eae45ff132abc1722,8
YOU Chain,YOU,0x34364BEe11607b1963d66BCA665FDE93fCA666a8,18
Auctus,AUC,0xc12d099be31567add4e4e4d0d45691c3f58f5663,18
WaBi,WaBi,0x286BDA1413a2Df81731D4930ce2F862a35A609fE,18
Trustcoin,TRST,0xcb94be6f13a1182e4a4b6140cb7bf2025d28e41b,6
Delta,DLT,0x07e3c70653548b04f0a75970c1f81b4cbbfb606f,18
AltEstate token,ALT,0x419b8ed155180a8c9c64145e76dad49c0a4efb97,18
BitBall,BTB,0x06e0feb0d74106c7ada8497754074d222ec6bcdf,18
Zoracles,ZORA,0xD8E3FB3b08eBA982F2754988d70D57eDc0055ae6,9
MarsToken,Mars,0x66c0dded8433c9ea86c8cf91237b14e10b4d70b7,18
Akropolis Delphi,ADEL,0x94d863173ee77439e4292284ff13fad54b3ba182,18
CEN,CEN,0x0bc61dded5f6710c637cf8288eb6058766ce1921,18
Portion Token,PRT,0x6D0F5149c502faf215C89ab306ec3E50b15e2892,18
APYSwap,APYS,0xf7413489c474ca4399eee604716c72879eea3615,18
Decent.Bet,DBET,0x9b68bfae21df5a510931a262cecf63f41338f264,18
Proton Token,PTT,0x4689a4e169eb39cc9078c0940e21ff1aa8a39b9c,18
Substratum,SUB,0x8d75959f1e61ec2571aa72798237101f084de63a,18
UNIFUND,iFUND,0x04B5E13000C6e9A3255Dc057091F3e3Eeee7b0f0,18
REMME,REM,0x83984d6142934bb535793a82adb0a46ef0f66b6d,4
BlitzPredict,XBP,0x28dee01d53fed0edf5f6e310bf8ef9311513ae40,18
Genesis Pool,GPOOL,0x797de1dc0b9faf5e25c1f7efe8df9599138fa09d,18
BondAppetit Governance,BAG,0x28a06c02287e657ec3f8e151a13c36a1d43814b0,18
HelloGold,HGT,0xba2184520a1cc49a6159c57e61e1844e085615b6,8
TESLA,TSL,0x03806ce5ef69bd9780edfb04c29da1f23db96294,18
Lunyr,LUN,0xfa05A73FfE78ef8f1a739473e462c54bae6567D9,18
Bounty0x,BNTY,0xd2d6158683aee4cc838067727209a0aaf4359de3,18
DataWallet,DXT,0x8db54ca569d3019a2ba126d03c37c44b5ef81ef6,8
ICE ROCK MINING,ROCK2,0xC16b542ff490e01fcc0DC58a60e1EFdc3e357cA6,0
Lancer Token,LNC,0x63e634330a20150dbb61b15648bc73855d6ccf07,18
Pepedex,PPDEX,0xf1F508c7C9f0d1b15a76fbA564eEf2d956220cf7,18
ODEM Token,ODEM,0xbf52f2ab39e26e0951d2a02b49b7702abe30406a,18
ITL (Italian Lira),ITL,0x122A86b5DFF2D085AfB49600b4cd7375D0d94A5f,8
renDOGE,renDOGE,0x3832d2F059E55934220881F831bE501D180671A7,8
Tapmydata,TAP,0x7f1f2d3dfa99678675ece1c243d3f7bc3746db5d,18
Crowd Machine Compute Token,CMCT,0x47bc01597798dcd7506dcca36ac4302fc93a8cfb,8
Cook Token,COOK,0xff75ced57419bcaebe5f05254983b013b0646ef5,18
xSigma,SIG,0x7777777777697cfeecf846a76326da79cc606517,18
Lympo Market Token,LMT,0x327673ae6b33bd3d90f0096870059994f30dc8af,18
Gems,GEM,0xc7bba5b765581efb2cdd2679db5bea9ee79b201f,18
HedgePay,HPAY,0x6d46c52805a4f94ef31082634ba75118df9f92e0,18
Devery.io,EVE,0x923108a439c4e8c2315c4f6521e5ce95b44e9b4c,18
DoYourTip,DYT,0x740623d2c797b7D8D1EcB98e9b4Afcf99Ec31E14,18
Storiqa,STQ,0x5c3a228510d246b78a3765c20221cbf3082b44a4,18
Blocktix,TIX,0xea1f346faf023f974eb5adaf088bbcdf02d761f4,18
MIS,MIS,0x4b4d2e899658fb59b1d518b68fe836b100ee8958,18
Faceter,FACE,0x1ccaa0f2a7210d76e1fdec740d5f323e2e1b1672,18
Goldmint MNT Prelaunch Token,MNTP,0x83cee9e086a77e492ee0bb93c2b0437ad6fdeccc,18
Worldcore,WRC,0x72adadb447784dd7ab1f472467750fc485e4cb2d,6
Protector Roge,PROGE,0x282d0ad1fa03dfbdb88243b958e77349c73737d1,9
SkinCoin,SKIN,0x2bdc0d42996017fce214b21607a515da41a9e0c5,6
Verify,CRED,0x672a1ad4f667fb18a333af13667aa0af1f5b5bdd,18
TrueDeck,TDP,0x5b11aacb6bddb9ffab908fdce739bf4aed554327,18
JSE Token,JSE,0x2d184014b5658c453443aa87c8e9c4d57285620b,18
BASv2,BASv2,0x106538cc16f938776c7c180186975bca23875287,18
Friendz Coin,FDZ,0x23352036e911a22cfc692b5e2e196692658aded9,18
Themis,GET,0x60c68a87be1e8a84144b543aacfa77199cd3d024,18
Starbase,STAR,0xf70a642bd387f94380ffb90451c2c81d4eb82cbc,18
DeFiner,FIN,0x054f76beED60AB6dBEb23502178C52d6C5dEbE40,18
WOWswap,WOW,0x3405a1bd46b85c5c029483fbecf2f3e611026e45,18
Knoxstertoken,FKX,0x16484d73Ac08d2355F466d448D2b79D2039F6EBB,18
CryCash,CRC,0xf41e5fbc2f6aac200dd8619e121ce1f05d150077,18
Blockchain Cuties Universe Governance Token,BCUG,0x14da7b27b2e0fedefe0a664118b0c9bc68e2e9af,18
Privatix,PRIX,0x3adfc4999f77d04c8341bac5f3a76f58dff5b37a,8
BitScreenerToken,BITX,0xff2b3353c3015e9f1fbf95b9bda23f58aa7ce007,18
BitSpawn Token,SPWN,0xe516d78d784c77d479977be58905b3f2b1111126,18
Po.et,POE,0x0e0989b1f9b8a38983c2ba8053269ca62ec9b195,8
Vortex DeFi,VTX,0xceb286c9604c542d3cc08b41aa6c9675b078a832,18
Sharder,SS,0xbbff862d906e348e9946bfb2132ecb157da3d4b4,18
YoloCash,YLC,0x21d5678a62dfe63a47062469ebb2fac2817d8832,8
aXpire,AXPR,0xdD0020B1D5Ba47A54E2EB16800D73Beb6546f91A,18
$Poolz Finance,POOLZ,0x69A95185ee2a045CDC4bCd1b1Df10710395e4e23,18
smartshare token,SSP,0x624d520bab2e4ad83935fa503fb130614374e850,4
GoToken,GOT,0x423b5f62b328d0d6d44870f4eee316befa0b2df5,18
Impermax,IMX,0x7b35ce522cb72e4077baeb96cb923a5529764a00,18
Incodium,INCO,0x4d8bfe7ea0f46486fd40fc4df60cf39f7568bee8,18
LiteXToken,LXT,0xbc46d9961a3932f7d6b64abfdec80c1816c4b835,18
Elycoin,ELY,0xa95592dcffa3c080b4b40e459c5f5692f67db7f8,18
Covalent Token,COVA,0xb37a769b37224449d92aac57de379e1267cd3b00,18
Xfinance,XFI,0x5BEfBB272290dD5b8521D4a938f6c4757742c430,18
Public Index Network,PIN,0xc1f976b91217e240885536af8b63bc8b5269a9be,18
WILD Token,WILD,0xd3c00772b24d997a812249ca637a921e81357701,18
Work Quest Token,WQT,0x06677dc4fe12d3ba3c7ccfd0df8cd45e4d4095bf,18
Netkoin,NTK,0x5d4d57cd06fa7fe99e26fdc481b468f77f05073c,18
ShowHand,HAND,0x48c1b2f3efa85fbafb2ab951bf4ba860a08cdbb7,0
Rate3,RTE,0x436f0f3a982074c4a05084485d421466a994fe53,18
Jetcoin,JET,0x8727c112c712c4a03371ac87a74dd6ab104af768,18
GourmetGalaxy,GUM,0x4f5fa8f2d12e5eb780f6082dd656c565c48e0f24,18
Robotina token,ROX,0x574f84108a98c575794f75483d801d1d5dc861a5,18
FuzeX,FXT,0x1829aa045e21e0d59580024a951db48096e01782,18
Horse,HORSE,0x5b0751713b2527d7f002c0c4e2a37e1219610a6b,18
PontoonToken,TOON,0xaee433adebe0fbb88daa47ef0c1a513caa52ef02,18
ChartEx,CHART,0x1d37986f252d0e349522ea6c3b98cb935495e63e,18
Defiville Island Token,ISLA,0x20a68f9e34076b2dc15ce726d7eebb83b694702d,18
PYLNT,PYLNT,0xd8924385cd46e6af6f377871c732bde2f8e9dd18,18
Pylon,PYLNT,0x7703c35cffdc5cda8d27aa3df2f9ba6964544b6e,18
Wrapped Filecoin,WFIL,0x6e1A19F235bE7ED8E3369eF73b196C07257494DE,18
InsurePal,IPL,0x64cdf819d3e75ac8ec217b3496d7ce167be42e80,18
EchoLink,EKO,0xa6a840e50bcaa50da017b91a0d86b8b2d41156ee,18
Okschain Token,OKS,0x7b68d272eda2185ea2f9283f241b1c44c51e712a,18
Guppy,Guppy,0xf7b098298f7c69fc14610bf71d5e02c60792894c,3
RNTB Token,RNTB,0x1fe70be734e473e5721ea57c8b5b01e6caa52686,18
Sonder,SNR,0x47d1a59cbdd19aee060c859c0009277e245328ae,18
AnRKey X,$ANRX,0xcae72a7a0fd9046cf6b165ca54c9e3a3872109e0,18
AiLink Token,ALI,0x4289c043a12392f1027307fb58272d8ebd853912,18
MetaGraphChain,BKBT,0x6a27348483d59150ae76ef4c0f3622a78b0ca698,18
MarsX,MX,0xe0df31d06d72b2f5231489af0edc422b372f49f1,18
ThingsOpreatingSystem,TOS,0xfb5a551374b656c6e39787b1d3a03feab7f3a98e,18
CPAY,CPAY,0x0Ebb614204E47c09B6C3FeB9AAeCad8EE060E23E,0
Transcodium,TNS,0xb0280743b44bf7db4b6be482b2ba7b75e5da096c,18
OriginSport Token,ORS,0xeb9a4b185816c354db92db09cc3b50be60b901b6,18
Neural Protocol,NRP,0x3918c42f14f2eb1168365f911f63e540e5a306b5,8
Tokenbox,TBX,0x3a92bd396aef82af98ebc0aa9030d25a23b11c6b,18
VeriSafe,VSF,0xac9ce326e95f51b5005e9fe1dd8085a01f18450c,18
imbrex,REX,0xf05a9382A4C3F29E2784502754293D88b835109C,18
RARE.UNIQUE,RARE,0x93dfaf57d986b9ca77df9376c50878e013d9c7c8,18
IPC,IPC,0x622cd54deb2bb7a051515192417109bcf3fe098f,8
Ccore,CCO,0x679badc551626e01b23ceecefbc9b877ea18fc46,18
Ormeus Coin,ORME,0xc96df921009b790dffca412375251ed1a2b75c60,8
Hurify Token,HUR,0xcdb7ecfd3403eef3882c65b761ef9b5054890a47,18
TGAME,TGAME,0xf8e06e4e4a80287fdca5b02dccecaa9d0954840f,18
Indexed,NDX,0x86772b1409b61c639eaac9ba0acfbb6e238e5f83,18
Matryx,MTX,0x0af44e2784637218dd1d32a322d44e603a8f0c6a,18
SPINDLE,SPD,0x1dea979ae76f26071870f824088da78979eb91c8,18
Shopping.io,SPI,0x9b02dd390a603add5c07f9fd9175b7dabe8d63b7,18
BezantToken,BZNT,0xe1aee98495365fc179699c1bb3e761fa716bee62,18
YOP,YOP,0xae1eaae3f627aaca434127644371b67b18444051,8
UnlimitedIP Token,UIP,0x4290563c2d7c255b5eec87f2d3bd10389f991d68,18
NucleusVision,nCash,0x809826cceab68c387726af962713b64cb5cb3cca,18
Sapien Network,SPN,0x20f7a3ddf244dc9299975b4da1c39f8d5d75f05a,6
0xcert Protocol Token,ZXC,0x83e2be8d114f9661221384b3a50d24b96a5653f5,18
Mobile Integrated Blockchain,MIB,0x146d8d942048ad517479c9bab1788712af180fde,18
Yee - A Blockchain-powered & Cloud-based Socia,YEE,0x922105fad8153f516bcfb829f56dc097a0e1d705,18
BitCoin ONE,BTCONE,0x87f5e8c3425218837f3cb67db941af0c01323e56,18
MasterNet,MASH,0xa0d440c6da37892dc06ee7930b2eede0634fd681,8
XMED Chain Token,XMCT,0x44449Fa4d607F807d1eD4a69ad942971728391C8,18
Thingschain,TIC,0x72430a612adc007c50e3b6946dbb1bb0fd3101d1,8
IOT Chain,ITC,0x5e6b6d9abad9093fdc861ea1600eba1b355cd940,18
ConnectJob,CJT,0x3abdff32f76b42e7635bdb7e425f0231a5f3ab17,18
Social Activity Token,SAT,0xc56b13ebbcffa67cfb7979b900b736b3fb480d78,8
BoutsPro,BOUTS,0x139d9397274bb9e2c29a9aa8aa0b5874d30d62e3,18
DUO Network Token,DUO,0x56e0b2c7694e6e10391e870774daa45cf6583486,18
Fair Token,FAIR,0x9b20dabcec77f6289113e61893f7beefaeb1990a,18
Data Transaction Token,XD,0x24dcc881e7dd730546834452f21872d5cb4b5293,18
YOYOW,YOYOW,0xcbeaec699431857fdb4d37addbbdc20e132d4903,18
Crystal Clear Token,CCT,0x336f646f87d9f6bc6ed42dd46e8b3fd9dbd15c22,18
HyperQuant Token,HQT,0x3e1d5a855ad9d948373ae68e4fe1f094612b1322,18
Mineable,$MNB,0x42b91f1d05afea671a2da3c780eda2abf0a2a366,18
OwnData,OWN,0x170b275ced089fffaebfe927f445a350ed9160dc,8
Opus,OPT,0x4355fC160f74328f9b383dF2EC589bB3dFd82Ba0,18
MEDIBIT,MEDIBIT,0x737fa0372c8d001904ae6acaf0552d4015f9c947,18
OneRoot Network,RNT,0xff603f43946a3a28df5e6a73172555d8c8b02386,18
HOMIHELP,HOMI,0xCa208BfD69ae6D2667f1FCbE681BAe12767c0078,0
Kind Ads Token,KIND,0x4618519de4c304f3444ffa7f812dddc2971cc688,8
JavaScript,JS,0x5046e860ff274fb8c66106b0ffb8155849fb0787,8
GAMESTARS TOKEN,GST,0x67a9099f0008c35c61c00042cd9fb03684451097,18
UBEX Token,UBEX,0x6704b673c70de9bf74c8fba4b4bd748f0e2190e1,18
Cryptrust,CTRT,0x8606a8f28e1e2fd50b9074d65c01548b1f040b32,8
UNetworkToken,UUU,0x3543638ed4a9006e4840b105944271bcea15605d,18
UChain Token,UCN,0xaaf37055188feee4869de63464937e683d61b2a1,18
Couchain,COU,0xf091cf09c51811819db705710e9634b8bf18f164,18
Crypto Daily Token,CRDT,0xDaab5E695bb0E8Ce8384ee56BA38fA8290618e52,18
Cryption Network Token,CNT,0x429876c4a6f89fb470e92456b8313879df98b63c,18
Veros,VRS,0xAbC430136A4dE71c9998242de8c1b4B97D2b9045,6
Archetypal Network,ACTP,0x7b2df125567815ac9b57da04b620f50bc93b320c,8
Elementeum,ELET,0x6c37bf4f042712c978a73e3fd56d1f5738dd7c43,18
DALECOIN,DALC,0x07d9e49ea402194bf48a8276dafb16e4ed633317,8
BANKEX,BKX,0x45245bc59219eeaaf6cd3f382e078a461ff9de7b,18
Kcash,KCASH,0x32d74896f05204d1b6ae7b0a3cebd7fc0cd8f9c7,18
DATx,DATx,0xabbbb6447b68ffd6141da77c18c7b5876ed6c5ab,18
Vikky Token,VIKKY,0xd2946be786f35c3cc402c29b323647abda799071,8
æ™ºæŠ•é“¾,IIC,0xb6f43025b29196af2dddd69b0a58afba079cd600,18
FinTab,FNTB,0xbd4b60a138b3fce3584ea01f50c0908c18f9677a,8
VOISE,VOISE,0x83eEA00D838f92dEC4D1475697B9f4D3537b56E3,8
Ruler Protocol,RULER,0x2aeccb42482cc64e087b6d2e5da39f5a7a7001f8,18
Suretly,SUR,0xe120c1ecbfdfea7f0a8f0ee30063491e8c26fedf,8
FERA,FERA,0x539F3615C1dBAfa0D008d87504667458acBd16Fa,18
Scanetchain,SWC,0xadf8b8050639b6236915f7516d69de714672f0bf,18
XENON,XNN,0xab95e915c123fded5bdfb6325e35ef5515f1ea69,18
Real Estate Asset Ledger,REAL,0x9214ec02cb71cba0ada6896b8da260736a67ab10,18
DOW,dow,0x76974c7b79dc8a6a109fd71fd7ceb9e40eff5382,18
Qurito,QURO,0x076a93a40bf9e0d21d3f75dd1e0584ddbe0f9d1a,18
PolyAi,AI,0x5121e348e897daef1eef23959ab290e5557cf274,18
Bulleon,BUL,0x0775c81a273b355e6a5b76e240bf708701f00279,18
Speed Mining Service,SMS,0x39013f961c378f02c2b82a6e1d31e9812786fd9d,3
eBitcoin,EBTC,0xeb7c20027172e5d143fb030d50f91cece2d1485d,8
Agrolot Token,AGLT,0x72c9fb7ed19d3ce51cea5c56b3e023cd918baadf,18
USDQ Stablecoin by Q DAO v1.0,USDQ,0x4954db6391f4feb5468b6b943d4935353596aec9,18
InterValue,INVE,0xdac4ae188ace3c8985765edc6c9b4739d4845ddc,18
DAOstack,GEN,0x543ff227f64aa17ea132bf9886cab5db55dcaddf,18